	Time	Hidden_Values	Observed_Values
0	0	1.3372229980672372	2.765558847002329
1	1	2.2694723030053607	4.930243667949962
2	2	1.0480708708450392	2.230195729870939
3	3	1.867454118824318	3.6732825724536635
4	4	1.6607000042712192	3.5169962156650696
5	5	1.3820664396852913	2.9741895810322845
6	6	0.6591080458795747	2.0178697842855495
7	7	-0.4365420400655985	-0.18851603174749698
8	8	0.03566047403922551	-0.2785013037056019
9	9	-0.0478589529528653	-0.3069824290991005
10	10	-0.7903890489077305	-1.914436000434042
11	11	-1.7579694146751264	-3.0946508509149755
12	12	-2.116019075412339	-3.965271289173012
13	13	-1.0650537846672021	-2.315140750828163
14	14	-1.0011991678478078	-1.9245138462163587
15	15	0.700926596475805	1.262577119792098
16	16	1.0450677837046354	2.0670538697850342
17	17	1.827040403918781	3.294642853780195
18	18	2.119152164627432	4.601585562058368
19	19	0.6490656724421042	1.2791883697600528
20	20	-0.1305202994839545	-0.640482410728194
21	21	0.5711802073228646	1.4881642635355519
22	22	0.45661884420086085	0.5198925377120347
23	23	0.1744099241043959	0.6051663510857124
24	24	0.7798215388436026	1.234452966143137
25	25	0.7966817515350482	1.7550971914085811
26	26	0.10491616022697625	0.31771572983080276
27	27	0.0852159072668587	0.4500968316477787
28	28	0.40434049290757823	0.5939271743015407
29	29	-0.46241640477390683	-0.8550502174986608
30	30	-1.2811182149171354	-2.7165958197313156
31	31	-0.40220816602365594	-0.31986884148490013
32	32	0.7027921909230737	1.2644782421547256
33	33	-0.14432835806867683	-0.661343333832444
34	34	-1.3238844732481085	-2.5141280016198926
35	35	-0.23402139238917308	-0.27545846021495424
36	36	-1.6184578647099874	-3.4653309255475664
37	37	-0.3265245219687287	-0.4371330616816227
38	38	0.06124642805981684	0.2909338332940026
39	39	-0.4071020667247784	-1.084296825310249
40	40	-0.03934512876313023	-0.07117287710622248
41	41	0.12572098836111018	0.024478245069868898
42	42	0.3417907090635631	0.9743402155524055
43	43	0.7386375344712411	1.2445953866352928
44	44	-0.11508022730701761	-0.10503697983572385
45	45	-0.809313283828671	-1.5793919821744389
46	46	-0.2507054565957024	-1.111868706655825
47	47	-1.6594646363574843	-3.4941761746528566
48	48	-1.957683709983527	-3.635347871046388
49	49	-2.302197466647603	-4.832627590638551
50	50	-1.6889047903560916	-3.6595865793949254
51	51	-1.532165588647171	-3.1261279335095375
52	52	-1.1089005485738899	-2.6050542944207473
53	53	-1.4480598745862625	-2.670433917766609
54	54	-1.0301421638536583	-2.30107537418241
55	55	-0.26747788906897696	-0.43649298527151587
56	56	0.20947927406205324	0.528576739092764
57	57	0.28572983772745614	0.42064061395154934
58	58	0.8121668183208549	1.7316351710300302
59	59	0.021204831611588038	-0.08935549898175638
60	60	-0.9871956184571445	-1.8393940610139645
61	61	-0.292167758146768	-0.8026485639328677
62	62	-0.9015348548633328	-1.6175883760909815
63	63	-0.7838533594115872	-2.052790638990602
64	64	0.952968949422209	1.5447505160594415
65	65	0.5160678885915443	0.8408986115004184
66	66	0.07301147332340086	0.922842685091822
67	67	-0.1948679214620928	-0.6978563626770764
68	68	-0.2412711994185482	-0.5712267338562395
69	69	0.4976458016148674	0.7533250487188089
70	70	1.6490631297606015	3.76487515824726
71	71	0.4624336011520488	0.3446157741530752
72	72	-0.06559504660758836	0.11043272784895805
73	73	-0.44403059557930086	-0.6902968110650399
74	74	-0.03135298615193355	-0.2660917249547685
75	75	-1.4702103934895066	-3.2549448677633643
76	76	-1.9784499946441365	-3.9492551613002673
77	77	-0.24891432727801366	-0.8270865613963374
78	78	0.35951926314161997	0.5825628818120465
79	79	0.5823739299678353	1.0660879323639527
80	80	1.4714321424587982	2.88545423199569
81	81	0.46402120527326474	1.0121223736317508
82	82	0.2690998498090489	0.461448342706462
83	83	-0.20496931967114607	-0.04557081864905327
84	84	0.877706320790326	2.4210647676603285
85	85	0.986152884609662	1.98649902233161
86	86	0.3339473919026848	0.626470787657611
87	87	1.1309230199250877	2.0543800348955545
88	88	1.8648510590534895	3.4993544180751073
89	89	1.8221592618322395	3.754208321853465
90	90	2.1141214100869186	4.3768409093446365
91	91	2.2612453574998828	4.161805986753226
92	92	1.7758069172169022	3.3348767137940625
93	93	1.6337162502651845	3.528764149069892
94	94	1.7663861622821824	3.465832199986534
95	95	1.3642038685420985	2.6637540315765746
96	96	2.023721594982013	3.749217105658787
97	97	2.217151409363438	4.513687007270479
98	98	1.2630174337601665	2.20685394756696
99	99	-0.16138079921515014	-0.30565491920366783
100	100	1.5151968120353934	3.083884961309111
101	101	0.9861587440322105	1.9136773345807423
102	102	0.18871500740322	0.1433908608166588
103	103	0.20648953176731255	0.47268661580197485
104	104	-1.3147981203146515	-3.0143934017640035
105	105	0.2640624381382417	0.5183678812787612
106	106	-1.442119079370064	-2.825829698194409
107	107	-0.9481297609537659	-1.8298371523213115
108	108	-0.4342082427664838	-0.7319515742026381
109	109	-1.150517190614396	-1.9335877301969877
110	110	-0.728262420593219	-0.9599251250281357
111	111	-0.2999780390076143	-0.6333060529286101
112	112	0.41604609214065874	0.8003980428016747
113	113	1.3080752030686211	2.3552196233801936
114	114	2.750410464146972	5.573289884022723
115	115	1.8076420197938212	3.4110329734977545
116	116	1.573069315244958	3.2990897213176016
117	117	1.371283534569331	2.6564690429244444
118	118	0.26219548931583747	0.13224927729934755
119	119	-1.1974738654524546	-2.3037208278481094
120	120	-2.1334556886457965	-4.5218362137606505
121	121	-1.0036338100300415	-1.6948597320527528
122	122	-0.570065995173202	-0.8728932717563076
123	123	-0.2618450712881928	-0.31365685422752165
124	124	-0.9354046451040826	-2.0531508577630553
125	125	-0.2187415857789966	-0.06509999028838043
126	126	0.008957305412493621	-0.20226064292022822
127	127	0.9497485027462947	1.5944985025180132
128	128	-0.13477551759127637	-0.3148587991287513
129	129	1.7350115513750446	3.7387990984089554
130	130	2.330247201833695	4.52436623834802
131	131	1.0394704576298657	1.4262699197996007
132	132	0.08325807156201159	-0.03232214089074112
133	133	-1.0244266799844814	-1.8748079727265388
134	134	-1.3505140451050153	-2.7019353525255028
135	135	-0.8535264488488952	-0.8962886061883403
136	136	-0.6035837212332134	-1.3203317669941355
137	137	0.0997201551036721	-0.031060188520125154
138	138	-0.23535625128273305	-0.5497247288687337
139	139	-0.058742359759543256	-0.1411730979899995
140	140	0.05210536738681926	0.45979326789685887
141	141	-0.5526587680959847	-0.9166466120392522
142	142	0.48536253777984034	0.8262093665742043
143	143	-0.18560013110593787	0.02634777622779666
144	144	-1.3879701493152488	-2.349784059881594
145	145	-0.838361928508901	-1.961366661859503
146	146	-0.8107783705457634	-1.6858718515506343
147	147	-1.2140935285255239	-2.814433393024948
148	148	-0.5039171645397604	-1.2566526036959398
149	149	-0.3652605578168526	-1.1547049777763805
150	150	0.4538299086677519	1.12809858385127
151	151	0.29978916287725493	0.6866807032979595
152	152	-0.5664381596981833	-1.4103712512940807
153	153	-0.5732047807221294	-1.0102068948759106
154	154	-0.6922493959033493	-1.1598345898422893
155	155	-2.2081317808452994	-4.303065582670355
156	156	-1.8576429713990827	-3.862031961777151
157	157	-1.010187362407579	-1.8393563847693357
158	158	-0.8687442901538843	-1.9336347989884393
159	159	-1.4088131174215823	-3.1012180986069184
160	160	-0.7878649838531544	-1.0741436592202123
161	161	-0.09253216448371149	-0.18742700026413253
162	162	0.5185611139850623	0.7325890260820889
163	163	0.15217403654139872	-0.05584091298573801
164	164	-0.18572556256694334	-0.48595805987760815
165	165	-0.09727163766282163	-0.2947144197408118
166	166	-1.646489978730524	-2.835114625962818
167	167	-0.2640596346774071	-0.4595456980119435
168	168	-0.3659980497322418	-1.1869952985776573
169	169	-1.7147342510897308	-3.664880949849551
170	170	-2.4688696017472167	-5.047640674074143
171	171	-3.388444214182301	-7.0339368355994045
172	172	-2.5080809657100773	-5.261635245445577
173	173	-1.7014961603933563	-2.98118627843352
174	174	-1.417930037692401	-3.0176449064875115
175	175	-0.6213343682201329	-1.4147572005683229
176	176	-0.6256606337235385	-0.6200310162051099
177	177	0.9277653125676545	1.7191184912887563
178	178	0.9479835578020375	1.661750233923645
179	179	0.38665910901976114	0.21471791002315133
180	180	0.8791027656972253	1.612924355396717
181	181	0.5879557453860219	0.8010074143299251
182	182	2.0644389789334494	4.163125795682294
183	183	2.284244635303579	4.597991288052591
184	184	1.7422491947527106	3.023637541272592
185	185	1.2371982119760452	2.7070656239314745
186	186	1.0850357239676403	2.450094553215227
187	187	0.9337338835392879	1.5091016830725403
188	188	2.428412932682633	5.100494121732049
189	189	1.8197852137687118	3.454846520031236
190	190	0.9819568073828161	1.787560187828702
191	191	0.1683282850029394	0.07613344589490956
192	192	0.24543188648282666	0.6012889484833096
193	193	-0.1215003495063263	-0.5888609674321665
194	194	-0.713166775000633	-1.4676331262272866
195	195	-0.23473497379880642	-0.8107965178179186
196	196	0.1897290104554144	0.490735748264823
197	197	-0.15871956720534328	-0.3844059100671777
198	198	-1.1019296905366802	-2.515450824709712
199	199	-1.4053815814883432	-2.9106631362533335
200	200	-1.083508332189937	-2.1921714098790543
201	201	-0.6625600449110502	-1.1471228605463406
202	202	-1.3913099352507663	-2.7639194051054274
203	203	-1.6725408174154692	-3.750214743661824
204	204	-0.6847116807142387	-1.14284664190622
205	205	-0.07732099881759319	-0.29522029925393983
206	206	0.0958331664510048	0.18018300068233878
207	207	-0.0360672847048677	-0.3814562830520769
208	208	-0.7949439566480576	-1.5871809685463667
209	209	-1.0242481782304809	-2.5816959781142286
210	210	-0.9639832273395538	-1.9932340495544103
211	211	-1.3078344595347544	-2.5917640890988913
212	212	-1.5148494762191071	-3.3410128456004937
213	213	-0.8191187619510668	-1.8902756268789371
214	214	-0.21998343360870565	-0.11115308350935621
215	215	0.8573960818120214	1.183731805118477
216	216	0.4274413976487043	0.8770751722170113
217	217	-0.22745708935304143	0.08680978550728224
218	218	-0.5449788434450401	-1.1721548846088394
219	219	0.7093612817976487	1.0385209723171225
220	220	0.9764054561116456	2.222402664191915
221	221	0.9829900816094356	1.9943471257824856
222	222	0.5172699716600806	0.9175652625690166
223	223	-1.111577297473595	-2.591820600263461
224	224	0.11098521213881085	0.5528294494394298
225	225	0.7120597329070637	1.0993748696325967
226	226	0.6126210151530114	1.236538783010029
227	227	-0.517211609412328	-0.8532985833939971
228	228	-0.6589296604718073	-1.8923905221821826
229	229	-0.10606908425431788	-0.06886937389420156
230	230	-0.9359431969980542	-1.7145885627851367
231	231	-0.8613312077503663	-1.8808085062275128
232	232	0.41433387275092415	1.0037139407909508
233	233	-1.0024000708493457	-1.4928165133749711
234	234	-0.15242793245499775	-0.7574217305630198
235	235	-0.36974044440763965	-0.4780447287489102
236	236	0.5660177382315051	1.2788056932093075
237	237	-0.5861245304281559	-1.268388048577101
238	238	-0.8673582212308331	-2.132199033063794
239	239	-1.7048977415928972	-3.2346211183364026
240	240	-1.6614292456163469	-3.2382417779451003
241	241	-1.5258338558849012	-3.1937234861655805
242	242	0.06547794313554522	-0.27196673959943335
243	243	0.057019544556297264	0.024373000152083546
244	244	-1.1918881255124831	-2.7223953354438266
245	245	-2.3231805296888823	-4.473832899979535
246	246	-1.7703705088243338	-3.567972173998781
247	247	-1.9504005050226336	-4.1691292526704755
248	248	-1.6617484347125486	-2.8700930177487822
249	249	-0.34615197441346246	-0.2057202211546233
250	250	0.12663696691638765	0.1275407085440134
251	251	-0.03386189418680449	0.004351994118428154
252	252	-0.4393118431255767	-1.1513338521483174
253	253	-0.8322380510602898	-1.3928349940098077
254	254	-0.5524872413664244	-1.2992748943972061
255	255	-0.7256624752252632	-1.6248758067881641
256	256	-0.34669460528285334	-0.2430177914874106
257	257	0.5176449331283417	0.9745034941472643
258	258	-0.2789943306152891	-0.19085018582265745
259	259	-1.4232909637508888	-3.167702908008973
260	260	0.13703163916580907	0.06833705223828224
261	261	0.6479961804260893	1.1503362268251474
262	262	1.1192144313742025	2.343973329959709
263	263	0.8653102551590031	1.3548868298785073
264	264	0.8359276830430473	1.2750882235961487
265	265	0.6082823192502292	1.3156429515829557
266	266	0.49619316313717315	0.9121706872526709
267	267	-0.36974216290443523	-1.1455945048375424
268	268	-1.004662023685095	-1.8541005074510242
269	269	0.182369340620695	0.2824670542055888
270	270	-0.9402435421951942	-2.118973622809942
271	271	-1.3673472812651353	-3.5188997292641777
272	272	-1.5537386208132797	-3.3835683714447127
273	273	-1.3631786639376504	-2.8330046896594934
274	274	-0.2065301214021381	-0.7768145509928738
275	275	-0.41426144942443777	-0.376949054673399
276	276	-0.9200250678787893	-1.6796506484883276
277	277	-1.3794340608109543	-2.8454775328691544
278	278	-0.8464991142802456	-1.7011226276172116
279	279	-0.41106615818368775	-1.1467157084450832
280	280	1.0277092819245497	1.626119270585248
281	281	0.7137437471185748	1.2220768031217062
282	282	1.649658106573629	3.346245519658928
283	283	1.0926226162159447	1.875254702495658
284	284	1.2929430396657313	2.257994767293178
285	285	1.9626054923408343	3.529717035474178
286	286	1.7292889765057537	3.6370276518266316
287	287	1.0836885642466907	2.078322239836655
288	288	0.11494198153541635	0.25292742989228806
289	289	-0.7356339866318152	-1.1082071726008826
290	290	-0.46689259720542486	-0.5743691617234368
291	291	-0.3318451493737626	-1.2888880231776794
292	292	-1.4793552050673398	-3.0797945773593995
293	293	-0.5525691501116492	-1.0673229349161135
294	294	-0.574218512128619	-1.3661391761668964
295	295	-0.35977089385817845	-1.0599896377709443
296	296	0.17502665962925734	-0.01613871325864291
297	297	0.15029564315562807	-0.06271282011208906
298	298	0.08344873872955513	-0.19358807751693885
299	299	-0.9067397714740597	-1.852112239979967
300	300	-0.10854783409172719	-0.41017906690373784
301	301	-0.011059760075351852	-0.32356304259591984
302	302	0.7038215706169407	1.606607419582574
303	303	0.8276976763693793	1.7403592308165465
304	304	2.4509682306559117	5.368068618849296
305	305	3.228874114176209	6.731686568963118
306	306	3.5740801460181832	6.890243524435986
307	307	2.4794870334120374	4.535277731865755
308	308	1.3827979253834228	2.960944910775681
309	309	1.1338460005045752	2.1420486160956043
310	310	-0.07321167635924541	-0.23914573997899397
311	311	-0.17617178542930678	-0.324476075472723
312	312	1.4491758395760714	3.2605381901648425
313	313	1.2243383114929889	2.5636447423807605
314	314	1.4066699175286836	2.8040032490074185
315	315	0.9574377616450096	2.126197195984166
316	316	0.0897845710725852	-0.06280331062338623
317	317	-0.08390304616552083	-0.007061306006993701
318	318	-0.6452306954348014	-1.8706687719828559
319	319	-0.7175311702823883	-1.3664716484358947
320	320	-2.2797179877631986	-4.319496523249257
321	321	-0.9645404477584454	-1.045583881646391
322	322	-0.758438107021634	-1.5322735942980314
323	323	0.4164028266335378	0.8247179052423423
324	324	-0.5782185226617795	-1.0177847059218081
325	325	0.4743419272998413	0.7656030822848167
326	326	-0.12256546752631631	0.15229457924172657
327	327	-0.39005967409840636	-0.9630779243565075
328	328	0.12364808873857364	0.6614939539248514
329	329	1.0774691044743452	1.9215813179421601
330	330	0.8815968440352697	1.4807710376862049
331	331	0.6342208357800229	1.0704664923992417
332	332	1.2266512926804738	2.5323589947287037
333	333	1.2975983922026078	2.425527329362076
334	334	1.650487273910306	2.9823968884318486
335	335	1.020077074232014	1.7205187803955972
336	336	1.7549716482944824	3.784093682752948
337	337	1.3251452292818298	1.8627942104767417
338	338	0.830725049434772	1.8532418096062233
339	339	0.3755396709264867	0.5968487396788735
340	340	0.5048607208160876	0.7698346197747988
341	341	0.369116588485809	0.19434474991316808
342	342	0.6997257826966302	1.1619168998075369
343	343	0.24832472190586802	0.33195391074123276
344	344	0.06246169424734724	-0.07851855589758966
345	345	-0.9908540673095877	-2.295958173190117
346	346	-1.385287823582222	-2.97503943229454
347	347	-1.4729810672849617	-2.8930239900822485
348	348	-1.3929454734576288	-3.148442757306654
349	349	0.28061471085007295	0.7328461588335582
350	350	-0.7087670277911822	-1.596449927119392
351	351	0.2922576783511619	0.460550288150307
352	352	0.8768454292951435	1.2155805159936621
353	353	0.9812131748427682	2.470568283335721
354	354	0.5187168981769418	0.9348229698227986
355	355	1.1892985640258003	2.070972547394762
356	356	0.5368294063278869	0.9626550148538688
357	357	0.9570906815814589	2.0577340193612206
358	358	0.4984441669141971	1.5458360221210885
359	359	0.5758322180185317	1.1918948900702446
360	360	0.723913817335097	0.7877903135301797
361	361	1.2394155530566595	1.9112965942087692
362	362	0.8690735203114556	1.4706116840989074
363	363	1.6839250970195847	3.861386207324448
364	364	1.2013368186925497	1.8914186054014022
365	365	1.857594313811188	3.5930469939077705
366	366	1.4743136100634617	2.7726835123777316
367	367	0.6810023309065566	1.2498203993523032
368	368	0.6023042277410402	1.199056967824673
369	369	0.11443308207679037	0.22366403260404485
370	370	-0.017024916954456223	-0.3735176361741692
371	371	-1.1227286441113866	-2.1512583148587217
372	372	0.06454831054793919	0.02480460966170049
373	373	0.7336221814713184	1.7089903404726836
374	374	0.5403167409685322	1.8467358311831235
375	375	0.12995544891959482	-0.17778300244864775
376	376	-0.7368510586029269	-1.1702258148748923
377	377	-1.6022652543306104	-3.021478065428399
378	378	-1.828109888927568	-3.4002385812527933
379	379	-2.1315395970461686	-4.562784737715477
380	380	-1.6095915191314927	-2.852350838245955
381	381	0.11320580991463358	0.6443049168251485
382	382	-0.21371886555991365	-0.9431671308023828
383	383	-0.1320337042933682	-0.11489180639334456
384	384	0.31435635670185064	0.9050124020522549
385	385	1.3834564616986356	2.834332753850196
386	386	0.6803758839829532	0.6583891633926364
387	387	0.016821929638152766	0.3642866899121827
388	388	0.515604161899968	0.7072860052242689
389	389	-0.04517907940085447	-0.3735786651364549
390	390	-0.11513894424382654	0.1905271826062278
391	391	-0.30916170739390436	-0.3758797634111759
392	392	0.08411142390480081	0.271343767599806
393	393	0.3423273411982476	0.653182139220999
394	394	0.08408482461173516	-0.09766335314628011
395	395	0.41660924182070763	1.129601157520459
396	396	0.33238738960431147	1.202674271062337
397	397	1.3456004901915128	2.221110373732727
398	398	-0.46615163006567983	-0.579704655523372
399	399	0.24399444957197158	0.23146786739687852
400	400	-0.48683081437465614	-1.353259320335054
401	401	-0.6508011595420229	-1.4293220805601028
402	402	-0.6470426262154856	-1.6674639152208506
403	403	-0.4184388800374236	-0.621668291650612
404	404	0.013963479963760073	-0.05079282925279342
405	405	0.3858646007054113	1.0485074191087564
406	406	0.40919685377404075	0.8033761348901007
407	407	-0.20781061342401208	-0.3335115864234769
408	408	0.1549912619487745	0.48737625932533996
409	409	1.4800617057651537	2.7463362584255724
410	410	1.4101762213597129	2.791471841922534
411	411	0.5684721114119589	0.523190355934377
412	412	0.08083115731303897	0.29357956278381736
413	413	0.14231194727591479	0.09048759494229436
414	414	-0.4687486374298211	-0.9456523383953463
415	415	-0.9592164054653918	-2.2522786871410836
416	416	0.4157085562185556	0.013128252922066763
417	417	0.4943416757749777	1.3308297762757453
418	418	0.8620662481758896	1.6902146671686875
419	419	0.42169714733440644	0.7053963328913448
420	420	0.8754378470816999	1.5270817375862584
421	421	0.3901276487181046	1.5550414253337663
422	422	0.8054702024050822	2.0675503474881562
423	423	1.4380687243121189	2.654272661685383
424	424	1.0146391961156622	1.9847122267677386
425	425	1.2788546164394106	2.263120599810113
426	426	1.7121969229486886	3.384102539303374
427	427	0.8569392514589437	1.5950755043741567
428	428	1.0065019598977685	1.7514073944688116
429	429	0.8526253641863589	1.656955578404757
430	430	0.9629544868386788	1.63955606963908
431	431	1.5682424388969192	2.884016142704651
432	432	1.495293956407985	3.201566649999535
433	433	1.0837130399405706	2.376740045853622
434	434	1.0029642596977815	1.5176493255912387
435	435	0.04839127685727029	0.4164445288822353
436	436	0.07005633996489302	0.11788208509357187
437	437	-0.5431291656781724	-0.6060906943730363
438	438	-0.4118853890932495	-0.6671642688485715
439	439	-0.41824108283029426	-0.6618032517713734
440	440	-0.44464673635248886	-1.0673870997470258
441	441	-1.2512807801940031	-2.3934170776268955
442	442	-0.3551369940333102	-0.6454970097324365
443	443	1.0862943539984946	1.9985486450219274
444	444	1.1655243228789225	1.912588861278618
445	445	0.9848813303258753	2.0400358906786114
446	446	0.22483270971379454	0.15522481599066495
447	447	0.851468674686837	1.5592067870353619
448	448	1.405891511128563	2.5128149253843715
449	449	1.0635458362572017	1.618691993355218
450	450	1.0096007318835647	2.0568141362432426
451	451	0.5719204064597556	0.8686846202707939
452	452	0.4372114169627734	1.4414666271743122
453	453	-0.4139868589314966	-1.1486300773016125
454	454	-0.39389662531508657	-1.2780455167535685
455	455	-1.8293514563167088	-4.346106840962203
456	456	-1.792443543884494	-3.0416044078506017
457	457	-2.104373850700234	-3.9896353749349487
458	458	-1.4574803535509855	-2.859459587463249
459	459	-1.5704567083329228	-2.758366143511059
460	460	-1.536560856110829	-2.944293301977676
461	461	-1.2702963245919274	-2.517857733091158
462	462	-0.919072473530662	-1.5497515096897378
463	463	-0.5304410825656307	-1.2159591109022296
464	464	-0.8284541402127111	-1.471883404657033
465	465	-0.7440465009267986	-1.1993074216624913
466	466	-0.35790357760885916	-0.4249859569151923
467	467	-1.3803532419890474	-2.379278418505254
468	468	-0.8309906677624375	-1.5022085064557271
469	469	-0.5114096221143571	-0.950999097366571
470	470	-1.4552636058915722	-2.820594157428543
471	471	-0.6686929386861811	-1.635515815799321
472	472	-0.3257927120161798	-0.20468734184816267
473	473	-1.0633376364413498	-2.0839291347622906
474	474	-1.1885563352397037	-3.0584613440944706
475	475	-2.4216262453987936	-4.673099073098734
476	476	-2.122324625875267	-4.64504242055399
477	477	-2.1569836617155715	-4.208880471638719
478	478	-1.58932181532037	-3.2477415549987905
479	479	-0.22194984040682675	-0.5534367032126652
480	480	-1.0671947206092571	-2.301498325123153
481	481	-1.7847718102018435	-3.2365583957375974
482	482	0.29586101916611085	0.9964425485699382
483	483	-0.09556412177102455	0.09399115695195026
484	484	-0.8262646030660438	-2.29484943764029
485	485	-1.7971558090703907	-3.484965480613634
486	486	-1.1130616784371046	-2.467065811813818
487	487	-1.7608480040748007	-3.8230324745254642
488	488	-0.559647250341173	-0.8087073571008683
489	489	-0.19676727081513662	-0.6376576468651273
490	490	0.20110783591219672	0.43418273205051977
491	491	0.6067891138063423	1.5157689393042701
492	492	0.16650231204900878	0.20891193721159285
493	493	-0.23678701986296766	-0.530696038640884
494	494	0.3436694442922519	0.43851412900263276
495	495	0.1559046203524252	0.5899892644909043
496	496	-0.22780010987900493	-0.7407752713094866
497	497	-0.3792614350200409	-0.6232792953338864
498	498	-0.06305024367389558	0.3271531735460187
499	499	0.11403279073184958	0.48583481640949755
500	500	0.9993491944526691	1.5608821613087442
501	501	2.7957470503757547	5.417314099858594
502	502	3.0469244366503974	6.265254617506408
503	503	0.44291895613759635	0.3132858419521496
504	504	0.4260217598969952	0.8493075234623738
505	505	0.9053619399982108	1.3227519322428805
506	506	0.5314707218835447	0.9098658412062444
507	507	-1.8910595649769797	-3.655893521386175
508	508	-0.92042016202076	-1.4004680264762115
509	509	-1.0009994714669528	-1.6610090053423414
510	510	-0.47630922241556395	-1.090401005607105
511	511	-0.9484826976550107	-2.0225377056879603
512	512	-0.08498547833227499	-0.03699757279661067
513	513	-0.45779845024098886	-0.8007881284360467
514	514	-1.2769968287412432	-2.4965048331139115
515	515	-0.6912333344165902	-1.232393885566522
516	516	0.1917127966128681	0.5014851868364785
517	517	0.4134378748950166	0.14827292308902917
518	518	-0.45606008816163973	-1.1380156527883152
519	519	0.08926777099452238	-0.294866471468128
520	520	-0.5050165669195331	-1.3067890219396674
521	521	0.04410700571189613	-0.12299537721005438
522	522	0.0340015200539113	-0.24919155511181273
523	523	0.6931850799862274	1.8408719134332405
524	524	0.7096847895668403	1.6430007521022667
525	525	0.42541734252178454	0.9872979270948753
526	526	-0.052128709355045266	-0.5368012823491075
527	527	-0.3113523229832887	-0.6028483927137402
528	528	-0.024533643862292426	-0.2878288365319902
529	529	-0.20777717940634485	-0.35724057151681166
530	530	-0.5411710846380495	-1.287625703592172
531	531	0.2819729525811126	1.1732781380295587
532	532	-0.3698397483000466	-0.9462916721364851
533	533	-0.47585898007137256	-0.8153192847772793
534	534	-0.32827067774165253	-0.36257098674416616
535	535	0.007615629002437119	0.40042597324011775
536	536	1.454263288682775	2.799842698059683
537	537	0.3051154565200501	0.6019386840410016
538	538	0.248764574540488	0.7615529585680787
539	539	1.1714141924656265	2.3783368672957215
540	540	1.1627554974896823	2.5466809068817113
541	541	-0.028740265868138493	0.4107876824138734
542	542	0.9202724769251277	1.5604073879956486
543	543	1.0644800959043856	2.1541616075082666
544	544	0.5168930265831841	1.1996785051948784
545	545	1.1103217101375258	1.598989446633673
546	546	0.8055820101775155	1.796875104670803
547	547	0.8340522101051984	1.4366871962731511
548	548	1.6124227439797802	2.9811665772927824
549	549	1.6090937258141418	3.250416406255861
550	550	0.5497516276073067	0.8742771803213377
551	551	0.448236104105759	1.1951306421685357
552	552	1.158225422657833	1.824248073172622
553	553	0.36840530536393357	1.3001026811221013
554	554	0.46611069929089144	0.6842582819783978
555	555	-0.09079463270288007	-0.3434830776455492
556	556	-0.20323109255812688	-0.3510038900389854
557	557	0.6521786856754241	1.206553429603198
558	558	-0.8124726862002005	-1.7893140634876596
559	559	-0.18358976380840308	0.16897463951970348
560	560	0.16632295696427646	0.681485110948779
561	561	1.2952459096026072	2.8507735721297904
562	562	1.6095794351794164	3.3790280888407995
563	563	0.7384189619460206	1.3042658408261358
564	564	1.312473185415357	2.3520866137596195
565	565	2.3950721655724476	4.756670142816294
566	566	1.4806364398190177	3.191764833117889
567	567	0.7084390663006952	1.3216908989198983
568	568	0.35063418884022135	1.1494362321213516
569	569	1.8930207603463551	3.7013099231656037
570	570	0.6381555616586313	1.1128169870131308
571	571	0.9364534930107814	1.8746569294541635
572	572	1.8954588203422804	3.30806004400729
573	573	1.697926828795213	3.2048976660360315
574	574	0.6242584685437226	1.1633135693763599
575	575	1.3476704070460508	2.806244233848369
576	576	0.03199988146777932	-0.03001982777614598
577	577	0.4391914799932983	1.2356394028448332
578	578	0.20104925955565445	0.27652524485367735
579	579	0.42378032281965583	1.256030105185095
580	580	0.45109281516656563	0.9909244311410541
581	581	0.5603849749026308	1.624180920905422
582	582	0.4549911831070607	0.8927931667719129
583	583	0.6672085219037487	0.9924796060263791
584	584	0.8370794643083802	1.4625106107140928
585	585	0.6925338935588397	1.1161122676474273
586	586	-0.18929595107359332	-0.4633101561795953
587	587	-0.09967622323984862	0.23226009578797757
588	588	-1.2209777392053667	-2.1118568382211773
589	589	-0.7235095966432612	-1.996561106036303
590	590	-1.2980418156266804	-2.741116068183301
591	591	-1.2172036498364667	-2.2103164005164913
592	592	-1.2020089943069836	-2.457097046592853
593	593	-1.077971226713194	-2.1224468135894163
594	594	-0.7213670124483845	-1.159091960881482
595	595	0.3653837794652083	0.7391792016858704
596	596	0.6080511001728247	1.6947910093097536
597	597	0.41536898692570456	1.3778997169657492
598	598	0.3313614341492101	0.5344008195661474
599	599	0.3829941418273335	0.6110256495493923
600	600	0.7642647055894479	1.783650871691508
601	601	0.23850341897623312	0.5273458652607891
602	602	1.7527514433447693	3.634613845023873
603	603	1.4788334215451289	3.140259525409809
604	604	1.5281007533686952	2.9409990384015146
605	605	2.0857496377883633	4.377907086792534
606	606	0.5120293898788262	0.9511906808500645
607	607	1.7712284831601492	3.782229048956498
608	608	1.7736232915088261	4.177444364456825
609	609	1.9622255859401008	4.135593675993212
610	610	1.1091545184982654	2.5233477587804494
611	611	1.3951337563373607	2.719280281124201
612	612	0.6476341409476999	0.9600617751585637
613	613	-0.11732219041884884	-0.3341637361771712
614	614	0.6446653480500293	1.3601435050796473
615	615	-0.9156241985019345	-2.1388205004496696
616	616	-0.19341907147373305	-0.8984793465562109
617	617	0.06452840087768899	0.3459603530677356
618	618	0.7428364433542668	1.572688561435408
619	619	0.3386463080064083	0.3973407713795342
620	620	-0.6326284109815925	-0.8930494185137848
621	621	-0.642476882888572	-1.0472825779338146
622	622	-0.042014560136009294	0.11169488050929505
623	623	0.11287645989355799	-0.6125896399464126
624	624	0.7433833111722239	1.8530278620341425
625	625	0.11197531076926603	-0.18587654072745996
626	626	1.0943202615616097	1.6915441604679764
627	627	1.4431594127672653	2.393490421910944
628	628	0.8786512615607014	1.9139583859858549
629	629	1.54869761054956	2.5254566660480124
630	630	1.890535815900011	4.093593317831072
631	631	0.38720510454632096	0.5769719772624126
632	632	0.7116887532708747	1.600189495945725
633	633	-0.6195463982772788	-1.8056796419598466
634	634	-0.6869656657274452	-1.3003286924692061
635	635	-0.9242414371045784	-2.0036210583051632
636	636	-0.09151356909719721	-0.3368040014435717
637	637	-0.34491821886091645	-0.8664908708663475
638	638	-0.28667982638327655	-0.29847327284850583
639	639	-1.0064470310687872	-2.3526782651721465
640	640	0.020234006328204934	-0.12635010011782072
641	641	1.729011589212248	3.5451776598484384
642	642	0.5169649229116466	0.7837973729067674
643	643	0.24976101433271858	0.3145715157897525
644	644	0.15708604079293442	-0.10701757291188535
645	645	-1.1164275405316482	-2.3797362702799365
646	646	-0.0824427516465982	-0.5097749223395837
647	647	0.2312901824366877	0.5508385020551102
648	648	1.1794496430323285	1.6975041013906975
649	649	1.3979259242796198	2.9639771995901825
650	650	0.8032615469549638	1.958076197276804
651	651	-0.667602204858131	-0.8135738156380868
652	652	-0.0840859983556374	-0.6958416215352905
653	653	-1.26878907919009	-2.5987107524335853
654	654	-1.4428776321695471	-3.233808325047984
655	655	-1.256462510665437	-2.688768311213966
656	656	-1.1115908620749044	-2.165116017325266
657	657	-0.7220089610726341	-1.7260973033247102
658	658	0.06815192273394077	0.2586621168035522
659	659	-1.0269349261561809	-1.7500684261866093
660	660	0.2626604647647469	0.6219005491243756
661	661	-0.3674044933754447	-0.7546272159847003
662	662	-1.6418019655051785	-3.604615562745858
663	663	-1.6897268432019428	-3.5486282858110063
664	664	-1.7120289821092642	-3.456563000487415
665	665	-1.4045979916837046	-2.608796018229919
666	666	-0.8068387448187881	-0.8607232706924066
667	667	-0.574812909927263	-1.24767043336042
668	668	-0.6477551429397772	-1.3953877941125408
669	669	0.006847485829490241	-0.2992259156333041
670	670	0.4081728497896945	1.0662851697373659
671	671	-0.5971571068007879	-1.412893215478706
672	672	-1.3302354409274377	-3.129912280902733
673	673	-1.008979447755697	-1.7127828249158432
674	674	-1.7475537846479368	-3.5651369050135675
675	675	-2.0001505527706422	-4.216644889711131
676	676	-1.3639845227943763	-2.9191912744293
677	677	-0.8470312930562267	-1.7194155344629007
678	678	-1.3741464269489132	-3.1166373287999103
679	679	-1.3946241254221736	-2.9229421780857034
680	680	-2.0401310928833403	-4.389685332702389
681	681	-1.1310603847078942	-2.3619951456406034
682	682	-0.42214875336584723	-0.9035742318051343
683	683	0.4579263055199683	0.5806757095825175
684	684	0.5945365109194511	1.5296069908326198
685	685	-0.30392221511516204	-0.888382396185806
686	686	-1.1907007454055867	-2.167223818975785
687	687	-0.8490174618304593	-1.6491593207915676
688	688	-0.7969942290285241	-1.6056038986056338
689	689	-0.20349544655355445	-0.43617729698940894
690	690	-0.07175077400127446	0.06656612094709324
691	691	-0.7271287487578955	-1.8388625427455147
692	692	-1.614180944596093	-2.7645171269655338
693	693	-0.8733638551321017	-1.9379618522703232
694	694	-1.6922121282927813	-3.539326406041373
695	695	-1.135633116880653	-2.0543887826864604
696	696	-1.4087606667936527	-3.0733872021519306
697	697	-0.8045838429871218	-1.5525924777389615
698	698	-0.8342498461053602	-1.8190796438291454
699	699	-0.48404867311430877	-1.3689435511421366
700	700	-0.6083937429214703	-1.2981496012796359
701	701	-0.10442921406443434	-0.1511641464898667
702	702	1.2066279229882657	2.3629616884616302
703	703	1.7454146380794584	2.778244245295024
704	704	2.6034928244403766	5.401642904664117
705	705	2.0976931931883547	4.225870077582953
706	706	2.6030512740504634	5.695794726227991
707	707	2.523031907500398	5.41401232550622
708	708	2.477083796327789	5.615706102344986
709	709	1.0110791592265211	2.0121503536192025
710	710	1.114071907729814	2.5268976231555547
711	711	1.246741724981612	2.2123700017951515
712	712	0.4401151668434833	1.3029839290442415
713	713	0.29442163692558454	0.3210380933790223
714	714	-0.2652432438989481	-0.20958994508551554
715	715	0.01643559577263684	0.21444379140372877
716	716	-0.3558244832101014	-0.4589845923839948
717	717	-1.4828224208641843	-2.8245325443500744
718	718	0.3040969610120139	0.8407109867192388
719	719	1.8610111752833718	3.9302229261769686
720	720	2.0054607662066157	4.080116153448956
721	721	0.7421293955832282	1.6542913678630642
722	722	1.0583535030208684	2.0022368350782163
723	723	0.8104456310342455	1.3155390817931618
724	724	0.7527920028580037	1.447137712990577
725	725	0.6674728719116227	1.1093305576323667
726	726	0.8830804838292654	1.7132631584479265
727	727	0.8488658175264528	1.5215070735042409
728	728	0.7652550263475265	1.8615594853523558
729	729	-0.1058233161868698	0.30252476477973544
730	730	0.2410800288786689	0.8256806755862252
731	731	1.4990117695116194	3.4094400703708576
732	732	-0.05470562767599718	-0.3652335321585188
733	733	-0.13419428508518333	0.35398944737776616
734	734	0.13603111247164557	-0.493476452220481
735	735	0.4143557357048311	0.9566392165565549
736	736	-0.259905758606508	-0.5009169275765764
737	737	-0.5663595906650146	-1.2688417697787644
738	738	0.1332286901613164	0.5343673496808251
739	739	0.5334631599972224	0.9740253797587847
740	740	0.12286685528575297	0.5771703499443683
741	741	-0.3321701525462781	-1.1069610909396856
742	742	-0.5491077351464206	-1.0795203240300033
743	743	1.1086358448483333	2.2556593395366766
744	744	1.2154416869096045	2.8723147813208554
745	745	0.8307055860546648	1.781984176970012
746	746	0.5460746326153887	0.9720001491447984
747	747	-0.6793762125663334	-1.7478853257601406
748	748	-0.22308861360003424	-0.32785036645767796
749	749	-0.4692759128999132	-0.4928618630707066
750	750	0.1802048901754849	1.2007921436732252
751	751	0.10358860237957965	0.14563655230854547
752	752	1.3377501438777393	2.9617980873537393
753	753	1.2020658624118246	2.4219062421510933
754	754	1.3099956872944545	2.1902671053889287
755	755	1.5560054328777992	3.3431308933138273
756	756	1.1401195211562531	2.296485948620033
757	757	1.784584545169162	3.470716802589818
758	758	2.1448270818640913	4.749823382529256
759	759	1.7432215797145436	3.582157291274354
760	760	2.1540768305192923	3.9589855089365904
761	761	1.993757125343804	3.9005861552439978
762	762	1.6890012316504894	3.0654700129635075
763	763	1.0562858770420713	2.271295647214214
764	764	1.7624815901873117	3.6693240824913564
765	765	0.3704565396436752	1.0828399761039922
766	766	0.2560471899823087	0.2962551543789358
767	767	0.16271397750479127	0.4642162111423541
768	768	-0.3727869903966614	-0.19598159566576512
769	769	-0.8615238758916003	-1.6724275548221106
770	770	-0.32251814286094943	-0.9064066671253665
771	771	1.3663213890349992	2.689387560664652
772	772	0.7687355146663717	1.5261162635312056
773	773	0.48816926924550397	1.3269455612787717
774	774	0.0386373334182461	0.39230765758483976
775	775	0.3990488351586531	0.6400938299292195
776	776	0.983667248238316	2.189887060420932
777	777	0.29978259614517055	0.6847323365159637
778	778	1.3545668254055316	2.4902164268354667
779	779	-0.35884707174011066	-1.396337605067318
780	780	0.002072196753139466	-0.07118216318257871
781	781	-1.0476171461827832	-1.8933562630395435
782	782	-1.4738881938823396	-3.0529768623420472
783	783	-0.2209857113114968	-0.24632603665243802
784	784	-2.247629987451244	-4.202777038828278
785	785	-1.2395590341011138	-2.6358735025724136
786	786	-2.359487183191201	-4.550248708928361
787	787	-2.3087250219654685	-4.56413128911437
788	788	-3.087120871521493	-6.229353601142723
789	789	-2.9066790703232748	-5.883029528908184
790	790	-1.8937118942998978	-3.025537620693309
791	791	-2.4719468875216566	-4.733169676712274
792	792	-1.8305255716032216	-3.7010057515082444
793	793	-1.8506521427741727	-4.273021450143611
794	794	-1.122305913517606	-2.2451055464760743
795	795	0.02857738794552922	-0.04052765140005199
796	796	-0.16243562949121898	-0.312526823301424
797	797	-0.3737314076981666	-0.790703418378282
798	798	0.5414878436807986	1.3879478136604777
799	799	1.2290754032757505	2.0784936332501087
800	800	0.14359514777606208	0.11494553212261349
801	801	0.6981247752315213	1.565288560697388
802	802	0.73544102575879	1.475163202447971
803	803	0.6886619854895092	1.2643131676464896
804	804	0.6814466578737192	1.0396410079755332
805	805	1.4151296794846373	3.091436993823366
806	806	0.5445724676138259	0.45592912757123616
807	807	0.2345012298793623	0.28864763226722623
808	808	0.1027300660630004	0.11551031481192582
809	809	0.24924488497967578	1.322035244316614
810	810	-0.11668078485952005	0.3191248411505776
811	811	-0.8565674276181277	-1.5983186734772155
812	812	0.14107285156481253	-0.04126706206618008
813	813	-0.3757966105181919	-0.6887952877559284
814	814	-0.5604210521670692	-0.7850885943166304
815	815	0.41402616241531504	1.4806252696745656
816	816	0.17446369238675216	0.2578909771454384
817	817	-0.4212602685247303	-0.8056398013869001
818	818	0.3265727851812632	0.9179520186993981
819	819	0.23811673641746342	0.43957163486988765
820	820	-1.0785849387223312	-2.2783002028260904
821	821	-0.7014174954021526	-1.1148943799979658
822	822	-0.5715811272951116	-1.1279660710081094
823	823	-0.40327908625261677	-1.1226494406321632
824	824	-0.0038151001323505906	-0.4072066488405512
825	825	0.34621320303251957	1.2863695164823423
826	826	-0.4596759730536057	-0.9818341649907981
827	827	-0.2133569533126068	-0.7885136367706946
828	828	-0.49180605262003263	-0.997500953032284
829	829	-1.2395825711764807	-3.006466685348988
830	830	-0.37928080968073097	-1.175514925702899
831	831	-0.09217497353631643	-0.37610807660297124
832	832	-0.6596407489193016	-1.3961706075300162
833	833	-0.3440949008147278	-0.8967618472715272
834	834	-1.0810083683808203	-2.5687245898303184
835	835	-1.1926006883575468	-2.0288192013099704
836	836	-1.083413068042275	-1.8748467562752102
837	837	-0.904785408654395	-1.6464524482580754
838	838	-1.933069584465513	-3.585778456082107
839	839	-0.9389492033155471	-1.98177716264046
840	840	-1.301393985580869	-2.517702661268273
841	841	-0.3292696702253536	-0.671418371508604
842	842	0.16823181098160672	0.2618264163234498
843	843	1.0920267684049023	2.362062746237958
844	844	0.15092263650468274	0.39465333629605465
845	845	1.5600400485893147	2.8823325380973452
846	846	1.878473985790087	4.275116537620456
847	847	2.662155402322993	5.356561511603615
848	848	3.4971116233628816	7.489583021534849
849	849	2.185421774746682	4.123394531516953
850	850	2.2858853898142693	4.724028169170867
851	851	2.8993702617606143	5.561737171317169
852	852	2.699408667079349	4.705485967062833
853	853	2.507200625466696	5.43263519599588
854	854	1.7530411498466911	3.4361051885881824
855	855	1.1526327237079381	1.9121231384563624
856	856	1.086719904051463	1.9862568555136306
857	857	-0.13601688014652136	0.26162124325150893
858	858	0.5698779922333924	0.29732663544067206
859	859	0.15172921299770714	0.48284687665758885
860	860	0.006955969225373504	0.003768625111294272
861	861	-0.3484828746717126	-0.7350836366530887
862	862	0.27048695972260667	0.3526603004439524
863	863	2.160967407871537	4.429662012812149
864	864	2.467417020778495	5.367941297494152
865	865	2.135507691064566	4.34352130933382
866	866	1.6723476189959452	2.7784925852883857
867	867	1.4499277525210703	3.0426968973886903
868	868	-0.44726303605721807	-0.780718092321039
869	869	-1.4274509849933932	-2.924880824468908
870	870	-0.6238498346137408	-1.6121085257161414
871	871	-0.6910768874358484	-1.5366271246530805
872	872	-0.40638749039881833	-0.9237398455227592
873	873	-0.4948631407525572	-0.9781969077038482
874	874	-0.6907260342261219	-0.7526028364123475
875	875	0.2086299561483882	-0.410408937125311
876	876	-0.8648334247693381	-1.5139159613138187
877	877	-0.8125505281014752	-1.8380186463343327
878	878	-1.6394738911989108	-3.80072363045621
879	879	-1.1519133343400871	-1.6923412728702298
880	880	-0.052755779991276786	-0.4395137562047162
881	881	-0.8781126945379887	-1.636635932130717
882	882	0.5392474912073876	0.9795697456016298
883	883	0.6315186671112831	1.342206892091748
884	884	1.448130556274621	3.1674407660227173
885	885	1.3744419774146093	2.7044200341691456
886	886	2.8069080200179624	5.863436731491714
887	887	2.1825784613199652	4.109199614953995
888	888	3.508762299416359	7.668088653784879
889	889	1.8099921512131925	3.6505511301938984
890	890	0.3236695255207189	0.7509667561721506
891	891	-1.0915690269836567	-2.2352334313982265
892	892	-0.57796931074899	-1.6403707785444004
893	893	-0.9729538632915287	-1.8065356274395492
894	894	-0.11279001146295808	0.08832290573584595
895	895	1.1799402332388682	2.1548597946834724
896	896	0.7807662676782772	1.3214405314844178
897	897	0.585116837914893	1.560981333224661
898	898	0.9147476367926951	1.7915906750964452
899	899	0.705041878776612	1.7729484853219224
900	900	1.4757957120689078	2.319453697387034
901	901	1.5593902128970702	3.049296298031154
902	902	1.0826289173078885	1.6065779809716885
903	903	0.7582900587147108	0.9864467854655656
904	904	0.6808651840821849	1.013878159070833
905	905	1.3576319109630233	3.186005595172202
906	906	-0.09603619535258989	-0.27403428195194096
907	907	-0.2286248915239931	-1.0098530827264582
908	908	0.43906374160554407	0.8275316461084844
909	909	-0.7715208947700019	-2.2624078056372774
910	910	-1.8301446388710059	-3.137295491386945
911	911	-0.7872762969942044	-1.1695726757586864
912	912	-1.763844584574091	-3.993745739538426
913	913	-0.650524436088478	-0.9963101302327906
914	914	-1.6023178270081502	-2.6926009854748947
915	915	-1.2564624924642709	-2.811209729921635
916	916	-0.5221057982177758	-1.2487690616911888
917	917	0.6008975875720192	1.2773700401674188
918	918	-0.5485407887278547	-0.8775606370993225
919	919	0.9341802447928265	1.3323245430424078
920	920	-1.3154000860233577	-1.947586800132668
921	921	-1.5447199403801248	-3.1268950325689846
922	922	-1.0294273564930245	-1.697688996392279
923	923	-2.3202077922304127	-5.041359950727954
924	924	-0.6072480583421156	-1.0970360703918636
925	925	-1.0114246294021798	-1.9829662981664384
926	926	-0.1458825593270754	-0.6503138216071462
927	927	-1.2713278567139354	-2.065985304036448
928	928	0.4695465035488662	1.0182537422779245
929	929	0.43024855034593906	0.738023562861574
930	930	-0.1983387270222512	-0.5385251558182222
931	931	0.34763438882776093	0.7487711776020799
932	932	-0.19119133853448034	-0.09685062268771066
933	933	-0.5093381758056462	-0.7121522788533847
934	934	-0.024297000609140196	-0.5774786061581081
935	935	-0.32028030390984513	-0.9666830246177108
936	936	-0.03167639144077011	0.4475675137478059
937	937	-0.1332658545398583	-1.063112210670944
938	938	0.29615320577888443	0.6923634084802474
939	939	0.5579826032127242	0.9893159578006527
940	940	-0.2601954062390022	-0.08189155949341398
941	941	-0.12495467963216829	0.1537423515988354
942	942	1.4171661563162365	2.95675847878064
943	943	-0.7238081525102211	-0.9970967668984225
944	944	0.22179587403637002	0.39180898509160533
945	945	-1.1722876377424403	-2.74025363762766
946	946	-0.08824005341249908	0.3598295924644278
947	947	-0.4266660375105044	-0.4497955995396376
948	948	-1.5292676697563052	-3.2935379021006237
949	949	-1.2617651714099436	-2.134901226395229
950	950	-0.9513429877787276	-1.7702269329957385
951	951	-0.29856007836685317	-1.018418026731095
952	952	-0.5700951906338386	-1.0609696711881118
953	953	-0.8666165149007455	-1.3540280286386217
954	954	-1.8072990906902997	-3.2423089074841753
955	955	-1.3433715810412854	-2.4967609578922736
956	956	-0.4393305973993237	-0.4942389676725477
957	957	-0.5499537035942228	-1.6364924343067004
958	958	-0.555339931085137	-1.0180573324990865
959	959	-0.5139466003460931	-1.6987732329578265
960	960	-1.0933377218568603	-2.243282799011315
961	961	-0.6199618481447884	-0.8206569951842352
962	962	-0.5641450959968235	-1.41761419809697
963	963	0.018836860083701057	0.1857643133084968
964	964	0.30665900346615654	0.7514954710473603
965	965	0.33125698966021844	0.8266496908861832
966	966	-1.0796286783950686	-2.0457068735797166
967	967	-0.22885719832718032	-0.825514093529246
968	968	0.41017091477135903	0.3506228136840653
969	969	0.25959342768336474	1.2223875211314807
970	970	0.4174183288834	1.2608181671426713
971	971	-0.26763559388264235	-0.4048736674254664
972	972	-1.3330601486379263	-2.465836801364098
973	973	-0.3843342869984594	-0.9592039857052526
974	974	-0.1558160119646835	-0.7933668544759436
975	975	-0.5487800772799443	-0.7563540141023168
976	976	-1.35593489554145	-3.0064823338694833
977	977	-0.03620771575733728	-0.0695501165504189
978	978	-0.2834024966645937	-0.5850149232959756
979	979	-0.5077805682369998	-1.0578288592771783
980	980	-2.278264805974925	-3.851934843692928
981	981	-1.6195410065006985	-3.4673541092357696
982	982	-2.2126227936235123	-4.141701988992848
983	983	-2.8687548867593655	-5.762280769401024
984	984	-2.530855667119651	-5.192344164794212
985	985	-2.5621860799496377	-5.381352243548425
986	986	-0.7723139433786683	-1.9713637240938757
987	987	-0.9909738215267623	-1.8442385074463952
988	988	-1.3286210212615672	-3.002698194292048
989	989	-2.235492952324202	-4.44223923234522
990	990	-0.890273611585648	-1.7929471090635352
991	991	-0.8786763214765515	-1.2365544568172473
992	992	0.31553407672952105	0.6454801945967648
993	993	0.5652481222281907	1.4234693585778664
994	994	1.0524137316312165	1.9882360158431693
995	995	1.5367078552303015	3.103742068065975
996	996	0.783110292750055	1.6827101464206837
997	997	0.5071305168935547	1.1117308687097367
998	998	1.1237043130446018	1.5677087870828794
999	999	0.3797880522378321	0.5686909687658182
1000	1000	-0.2011990248151369	-0.04119496904351044
1001	1001	-0.3307674327517782	-1.0115389967583674
1002	1002	0.10945271748850655	0.7078455180797552
1003	1003	1.0162728037537694	2.365853511903557
1004	1004	1.5704594377488315	3.883378548891824
1005	1005	-0.10766480487243202	0.4775971051255927
1006	1006	-0.16087072497232122	-0.4760924445224579
1007	1007	-0.2557827702854593	-0.22272604320407885
1008	1008	0.21175415225653382	0.7377446124733786
1009	1009	0.5962432961971784	1.3283817845997463
1010	1010	0.49855195694384047	1.8090423718276198
1011	1011	1.3921293195239812	2.757885769526437
1012	1012	1.775619563534347	3.9138597557900225
1013	1013	1.8953459824218153	3.595767633598617
1014	1014	0.17761289406842962	0.13531487873822226
1015	1015	-0.006014047162142683	0.16482340323578692
1016	1016	0.02849035970010435	0.7621483774627945
1017	1017	-0.4253074118883458	-0.8173518216178886
1018	1018	-0.7376223385703445	-1.8169438323719969
1019	1019	-0.8443729976110552	-1.5802722376119667
1020	1020	-1.1578513713963339	-2.3742777658223644
1021	1021	-1.5766910651049528	-3.2588878923651374
1022	1022	-1.4332686618525274	-2.9264445788860094
1023	1023	0.07645074555432285	-0.14368294383864427
1024	1024	-0.35179925839868914	-0.8531249234031401
1025	1025	-0.9347374155925199	-1.7089870658470485
1026	1026	-1.8965552612816206	-4.189242905408927
1027	1027	-1.081021113684886	-1.925177724478367
1028	1028	-0.7587488843924424	-2.1203304711060262
1029	1029	-0.5235349077468977	-0.7391509237644363
1030	1030	-1.3587728925192402	-3.017050129095782
1031	1031	-0.24754138298156458	-0.3682485963598506
1032	1032	0.1799624015029036	0.2304052474851442
1033	1033	1.1017016063454173	2.2573833349302825
1034	1034	0.7025594718989903	1.0356732732283813
1035	1035	-0.3600492731845091	-0.2741158878377589
1036	1036	0.12126594042340832	0.2763266298730843
1037	1037	0.7644078239834826	1.2320821011708125
1038	1038	0.6354037741901049	0.9815940534288259
1039	1039	-0.8334344749941344	-1.9580676563088528
1040	1040	-0.3228306600862657	-1.3119478489864962
1041	1041	-0.5692699090984404	-0.8327541189760931
1042	1042	-0.5327503421332312	-1.1221312286081115
1043	1043	0.3073809925572239	0.7108511075161991
1044	1044	0.518032972171709	0.4500836718645308
1045	1045	0.3847279312767934	0.8787329203590911
1046	1046	-0.006710943767813948	0.03283675931053658
1047	1047	0.6659038799772047	1.258551689650967
1048	1048	1.1656345024920196	2.421303393548671
1049	1049	1.8655781249979193	3.8738050105748436
1050	1050	0.8240443534579578	1.6426141074146006
1051	1051	0.841943807826371	1.6149826215214511
1052	1052	0.6435671334278884	1.2530828238288012
1053	1053	0.14047023361398342	-0.045746327853429025
1054	1054	0.40802033670796595	0.6980324799617431
1055	1055	0.6609240403359553	1.3762799644505594
1056	1056	1.3738302134451157	3.200178920232378
1057	1057	1.0162665177441554	2.627615242504033
1058	1058	0.7119050894543253	1.0182646214821574
1059	1059	0.42919755252745423	0.9639768442644011
1060	1060	0.40041668120480867	-0.08153244392481618
1061	1061	1.1314536338773276	2.930166077860429
1062	1062	0.6677502218819755	1.0507121055952844
1063	1063	-1.0505272826237553	-1.8550957859104693
1064	1064	-0.5375874980554993	-1.6660270617040869
1065	1065	-0.7473599491522187	-0.8004825361142349
1066	1066	-0.6924949199075748	-1.2274873033801428
1067	1067	-0.6517969542658638	-1.7003726687583747
1068	1068	-0.6069781233249627	-0.6802023966855183
1069	1069	-0.9558513587492647	-1.5145560793927466
1070	1070	-1.0284203375038055	-2.3089463426816885
1071	1071	-1.0645422733601972	-2.217290601818459
1072	1072	-1.0823449430377543	-1.9118784191451748
1073	1073	-1.0286156746004083	-1.8006932180625588
1074	1074	-2.1481270667025587	-4.374571343850085
1075	1075	-2.000634248455169	-4.028860188465066
1076	1076	-3.340440482147117	-7.342482905636281
1077	1077	-3.4169165884448374	-7.014401842490873
1078	1078	-3.442836125578948	-7.393528223886566
1079	1079	-2.6807547757232304	-5.985177487619466
1080	1080	-1.5849220620953433	-3.3275644532741464
1081	1081	-1.1753068289188586	-2.5730387810770323
1082	1082	-0.36863722838089996	-0.7483935597382708
1083	1083	-0.20975531388142832	0.006266340181484142
1084	1084	-1.5321217971483847	-3.3100241572634026
1085	1085	0.2021002971021395	-0.2822656780018661
1086	1086	-0.4546364334704719	-0.6727032170590059
1087	1087	-0.6448776170432278	-1.4922747584335463
1088	1088	0.22202737270624928	0.5655615725926241
1089	1089	0.7247537935271162	1.5641226102639796
1090	1090	1.500171324364232	3.1144219156733715
1091	1091	-0.24674289725626153	-0.4799171836364624
1092	1092	0.5493407769595385	0.37301399740834495
1093	1093	0.48001948111077747	0.8016019505036149
1094	1094	0.5000544937193722	1.3854999818529214
1095	1095	0.11415746898425438	0.8339186254286813
1096	1096	0.25903000047844266	0.6539510781916539
1097	1097	-1.288398439273724	-2.4926402304841893
1098	1098	-0.9012804111491518	-1.8717216911074395
1099	1099	-1.1262333122558033	-1.9087434381500512
1100	1100	-1.3222988018174042	-2.417633751079399
1101	1101	-2.1375799651151297	-4.9113323470349775
1102	1102	-2.0344140445779537	-4.178288777424125
1103	1103	0.319315255364538	0.6547255615612135
1104	1104	0.4621354168438154	0.8487565724826779
1105	1105	-0.26047838495592324	-0.40404581175938353
1106	1106	0.6037091434907663	1.5540863025935787
1107	1107	-0.30031014190979627	-0.43539510832260764
1108	1108	-1.0654358811244655	-1.9695085138382409
1109	1109	-1.9071117924594523	-3.954676683688894
1110	1110	-2.746283031635734	-5.332990691196817
1111	1111	-2.3261124589977085	-4.78930026745135
1112	1112	-1.5391338598727602	-2.837389480176296
1113	1113	-0.46984712919622273	-0.8307162568967863
1114	1114	-0.829920507177244	-1.6538653458846109
1115	1115	-1.2474355226568785	-1.7292386594744278
1116	1116	-0.7125592935500367	-1.3900875440901175
1117	1117	0.2930032319963878	0.23795713636467558
1118	1118	-0.6193377380930594	-0.9533305848946069
1119	1119	0.08297630575111248	0.17391126674433097
1120	1120	-0.17277000320435965	-0.016136830720570927
1121	1121	0.0214572541404289	0.27367005208046935
1122	1122	-2.012264214377017	-3.7260138459440277
1123	1123	-1.6044571809137733	-3.0701213257557503
1124	1124	-1.3008722000356894	-2.7703119607269096
1125	1125	-2.759243187779621	-5.746288173566416
1126	1126	-3.20071235453915	-6.9518605398915865
1127	1127	-3.6275276524713913	-6.690039794602635
1128	1128	-3.4249638342327975	-7.216837195196997
1129	1129	-2.12034412715135	-4.258672288904477
1130	1130	-0.05278551210277094	0.10401857524497587
1131	1131	0.824682867895897	1.6207783553440076
1132	1132	2.0603258961988806	4.001900133062969
1133	1133	1.1568495159975207	2.547191749476614
1134	1134	1.4646413317275893	3.1065339619957593
1135	1135	0.961362157589386	1.8270261482186887
1136	1136	1.449694511606825	2.9191493797459227
1137	1137	1.3254992388257805	2.8709798786354597
1138	1138	1.7268335856759967	3.396344657481198
1139	1139	2.1368768716268334	3.912225938330305
1140	1140	2.377968985297385	4.564038153799985
1141	1141	1.2542008420211381	2.547684140789675
1142	1142	1.4880977898110648	3.1832181900012366
1143	1143	0.369084399007366	0.6607671466144587
1144	1144	-0.0075688442950400114	0.26588658152922107
1145	1145	-0.3160892982844884	-0.016346961689581274
1146	1146	-0.6763093509189498	-1.7264692159383828
1147	1147	0.3166527304275434	0.8857359728526384
1148	1148	0.673323284156641	0.7544040467885677
1149	1149	1.6058103922825255	3.629860885545326
1150	1150	1.3140251248296848	2.5741566543727195
1151	1151	0.9530353963128357	1.850543939878664
1152	1152	0.8784013104159438	1.921501279397003
1153	1153	-0.4560922311047191	-0.8961134303444334
1154	1154	0.6572024514655477	1.3319476979866691
1155	1155	0.8540250284171238	1.6451161091626505
1156	1156	1.157840619066304	2.793061605315293
1157	1157	1.2130135114768499	2.4870033847157713
1158	1158	2.04605645158033	4.364657899055663
1159	1159	0.2586896153210776	0.9979033582254375
1160	1160	0.2564351149115403	0.6584424241313838
1161	1161	0.9621910284765524	2.230445818049756
1162	1162	1.5198103255812359	3.237157691508751
1163	1163	1.5773919972467871	3.4778878224052177
1164	1164	1.85284656270809	4.213780051986036
1165	1165	1.6840754703560512	3.3515312594730284
1166	1166	1.3056591035099454	2.5742539419740913
1167	1167	1.3300152244564947	2.3507539887747675
1168	1168	1.7090696647543153	3.596985351656281
1169	1169	0.7748422023862561	1.4587900712724198
1170	1170	1.3262723530891118	2.5265632556500193
1171	1171	2.263148784194202	4.456905312382969
1172	1172	1.8301718341710358	3.6190664207434957
1173	1173	1.1379703213519907	1.8111687856656573
1174	1174	1.6233362065424282	3.0399425614055975
1175	1175	1.005121370795877	1.9071944366651483
1176	1176	-0.21773503407354478	-0.5042577667547902
1177	1177	-0.7143345152759077	-1.5874314565281251
1178	1178	-0.9588541985444181	-1.8170175105090638
1179	1179	-1.0806973899007422	-2.1000533069877427
1180	1180	-0.9851689762264808	-2.549244481643623
1181	1181	0.44820005214706704	0.703806176243042
1182	1182	-0.7916266205659673	-1.91361000838415
1183	1183	-1.802031617312049	-2.994874683054762
1184	1184	-1.7114042194595898	-3.840024826997742
1185	1185	-0.504932934366148	-0.9057156524043674
1186	1186	-0.5279729505253061	-1.0840015606466573
1187	1187	-0.8853056237831581	-1.4877374678442854
1188	1188	-0.6016804254812476	-1.019457284380265
1189	1189	-0.7422678662171158	-1.2585629145631965
1190	1190	-0.8572971276648623	-1.4157929373691776
1191	1191	-1.6598802984313195	-2.7210695432076912
1192	1192	-1.6521645790104	-3.495575530106816
1193	1193	-1.466564897316345	-3.001711525864778
1194	1194	-0.47283796118265753	-1.9564752086526593
1195	1195	0.589056831633519	0.6309715387286394
1196	1196	0.7529277284044531	1.6152563562040458
1197	1197	0.522787105113632	1.551376842930793
1198	1198	0.4091432881532087	0.4643562380660704
1199	1199	0.1221348371690216	0.4019463577257683
1200	1200	-0.6424834784315548	-1.048495818498501
1201	1201	-1.8064122618906122	-3.504148747252502
1202	1202	-1.4634025729432734	-2.96787089307532
1203	1203	-0.7674486562398465	-1.8114258664411982
1204	1204	-1.7280669561072517	-3.268405309317107
1205	1205	-2.0615443587074793	-3.877502594036557
1206	1206	-1.2139868986155653	-3.1128328569232506
1207	1207	-0.8336738034850645	-1.5605737274470863
1208	1208	0.252465310517637	0.8827990445214928
1209	1209	-1.144100276850317	-2.628892111289086
1210	1210	-1.404758280680575	-2.7403555542518063
1211	1211	-0.7341590130344979	-1.6047066511580386
1212	1212	-1.5079105257691707	-2.718994433224075
1213	1213	-2.956024353813506	-5.255685509451565
1214	1214	-2.0336122072306915	-4.789898509704206
1215	1215	-1.3206665535679927	-2.9486994675971787
1216	1216	-0.6265651214394682	-1.5221881032680415
1217	1217	-0.6553615556117693	-1.4950886644201042
1218	1218	-0.8713038562128026	-1.2774075024050866
1219	1219	-1.9037716149307897	-4.038904990425648
1220	1220	-1.8027944127659894	-3.4154244997348644
1221	1221	-2.03148387961524	-4.119047010943345
1222	1222	-2.526471791798579	-4.696824006528123
1223	1223	-1.8351574989584085	-3.4322904028344827
1224	1224	-0.6259004802822752	-1.763194850927622
1225	1225	0.6870862463211963	1.201094274960408
1226	1226	0.8659097451978892	1.0215070538604425
1227	1227	1.8451191971128507	4.5011291621775475
1228	1228	1.6622481762867298	4.089822084180734
1229	1229	1.1814952273289434	2.211822032385804
1230	1230	0.4555998583633751	0.9873589052243072
1231	1231	0.016609545923777225	-0.5121743755049919
1232	1232	0.8069662803766698	1.7516347109779784
1233	1233	0.5399394809187438	0.8557787940222421
1234	1234	0.6306348618253137	1.4633364031221259
1235	1235	-0.5805408160101274	-0.8582943493934876
1236	1236	0.39493780093120046	0.9004768054236669
1237	1237	0.09989868767181251	0.20792318850509411
1238	1238	0.7712621078571021	1.5367103867287242
1239	1239	0.43954618776227994	0.8481115446788433
1240	1240	0.37636017080701506	0.48989309120587743
1241	1241	1.8217063949184604	3.853201824161785
1242	1242	1.5965562016425041	3.182841567013809
1243	1243	2.8527379663469006	6.160286070623773
1244	1244	3.19982836805489	7.097852317339173
1245	1245	2.236976663773587	4.667677507313138
1246	1246	1.0994085069375756	1.8039645667447506
1247	1247	0.900389690837202	1.8523556538509658
1248	1248	0.47152318283278266	0.4941478419978429
1249	1249	0.9433150262433849	1.5067620269173907
1250	1250	0.51205974070122	0.9880847138546041
1251	1251	0.23953139737690315	0.8712166366618218
1252	1252	-0.08485790355310396	-0.6526744435032401
1253	1253	0.8813617153456272	2.3561250651530647
1254	1254	1.2672350531378815	2.5829122212960995
1255	1255	1.9442618500391	3.648788429077307
1256	1256	1.5152439035760872	2.30096447331521
1257	1257	1.3023980577735854	2.295773058421075
1258	1258	0.8466173800599388	1.724247893626648
1259	1259	0.8568345423486043	2.3953494016796357
1260	1260	2.0049746151136976	3.921723650145406
1261	1261	1.4731397472297412	2.9820660566170085
1262	1262	-0.07769267744328134	-0.3319009555547704
1263	1263	-0.6223606731431668	-0.9474527991912908
1264	1264	-0.03477615814091001	-0.16015062756147774
1265	1265	0.08870956820796304	-0.001859593722088465
1266	1266	0.41005505354755806	0.2698412162401861
1267	1267	1.334031282134661	2.8255551366346383
1268	1268	0.9880434467052028	1.7041171509776767
1269	1269	0.5510118366352215	1.9350682922771845
1270	1270	0.19137171361887123	0.25623728766606263
1271	1271	0.19016218938959442	-0.31553888065274066
1272	1272	0.38896085888388976	0.6019164652346713
1273	1273	0.5257497591367952	0.464356697467439
1274	1274	-0.6131103143229513	-0.9897245158750791
1275	1275	-0.665096095943324	-1.037137518909692
1276	1276	-1.3224344819922482	-2.7603467563080524
1277	1277	-0.03202705279478635	0.12385637069842517
1278	1278	-0.2339173602110333	-0.5111769173667062
1279	1279	-0.7571387697818719	-1.4855718317494837
1280	1280	-0.2057285891690876	-0.22171311355266654
1281	1281	0.5282188431347635	1.415188094636357
1282	1282	1.335191860284993	2.2984704713113375
1283	1283	0.7239934010349818	1.6572706538376158
1284	1284	0.29544337629422596	0.7726802788683484
1285	1285	0.4124252715879114	1.3974622872295406
1286	1286	1.382574742239751	2.8771395456197792
1287	1287	1.080936103822709	2.1460394268115057
1288	1288	0.33896628431783216	0.2979793258750011
1289	1289	0.35600448333530466	1.5650079015237177
1290	1290	1.3135546725711436	2.5340542972612403
1291	1291	1.3849391825033874	3.054080530607366
1292	1292	1.1455364127484897	2.358618731502543
1293	1293	1.2183366629867005	2.1345697899959903
1294	1294	1.1420864886181952	2.4359650415004923
1295	1295	1.320119409128752	3.2435181357231393
1296	1296	1.5684489140166629	3.2895046131921375
1297	1297	1.0799974157083791	2.0712309960356112
1298	1298	0.8167761479206043	1.254701811218602
1299	1299	1.363788595351475	3.1753840207347097
1300	1300	-0.18223038545657766	-0.06264175664055482
1301	1301	-1.3142716055561439	-2.489180065735785
1302	1302	-1.4534913363282522	-3.011564750047359
1303	1303	-1.0903346215096426	-2.295711093811762
1304	1304	-0.33824256790471563	-0.7562952301230356
1305	1305	-0.3408071514861467	-0.67778789672356
1306	1306	-0.06275867429180729	-0.48454605817198265
1307	1307	-0.8614956570217125	-2.1770132245791785
1308	1308	-1.2838323375056069	-3.034066601941022
1309	1309	-1.1204124902045964	-2.204854216408428
1310	1310	-1.3740161568212337	-2.765392023563265
1311	1311	-0.9494711530041784	-1.6572650727157305
1312	1312	-1.226506917963955	-2.0664828938068323
1313	1313	-0.589195394103957	-1.0611535540136054
1314	1314	-1.9142165088191319	-4.031839167734434
1315	1315	-2.947291676423396	-5.51727813508117
1316	1316	-3.0221727001620153	-6.017782627255204
1317	1317	-1.6296495534512727	-3.3846320237105614
1318	1318	0.12008152565761332	-0.28107970969535157
1319	1319	1.105683018052877	2.2869313668122437
1320	1320	1.7917685152732297	3.6205087347975033
1321	1321	1.1589836618560403	2.489422976675904
1322	1322	1.5043302387782242	3.4654288088469536
1323	1323	0.8255869377195393	1.3615929039453458
1324	1324	1.552937165978822	2.9336948739429074
1325	1325	1.0620158480049169	2.2613425959018265
1326	1326	1.0783961836297355	1.944764756481374
1327	1327	0.8680904098450244	1.8114659816333438
1328	1328	0.8447655660444386	1.4252906280276214
1329	1329	-0.6252310674152226	-1.2034293434737822
1330	1330	-0.9271405497141743	-1.5416109788446652
1331	1331	-0.9314987460291692	-1.842888770412494
1332	1332	-1.2356851157474846	-1.9374224330783152
1333	1333	-1.9130291641444783	-3.13578781064856
1334	1334	-0.7094433489089406	-1.3747285909823448
1335	1335	-0.4201432234086163	-0.40804031354992076
1336	1336	-1.6413200299801138	-3.5092636217466273
1337	1337	-0.9030560206443351	-2.003857950020866
1338	1338	-0.29392685917635153	-0.40758276867726645
1339	1339	-0.08023746059713205	-0.46162294019936956
1340	1340	0.45607869706840753	0.7562856071857089
1341	1341	-0.6366037439597063	-1.1639313331286778
1342	1342	-2.1982528375462547	-4.631759735169882
1343	1343	-0.988043133954947	-1.9600721245466168
1344	1344	0.37970738210162913	0.9301360086073117
1345	1345	0.28046545073910184	0.11978409076185437
1346	1346	-0.03217567123810469	0.04207628389089452
1347	1347	0.9164803451228446	2.259115810826908
1348	1348	0.6167887664927787	1.3147185739612612
1349	1349	1.769724601634	4.13077582026203
1350	1350	0.9045152374440927	2.5029228797165404
1351	1351	0.30841335539231435	-0.10459550501208037
1352	1352	0.43153437281244345	1.1423066913763085
1353	1353	-0.29399557243466723	-0.35747994857184107
1354	1354	-0.9698006788287457	-2.151379685374107
1355	1355	-0.4010265360878094	-0.4578592172807657
1356	1356	0.6340565377943762	0.9913651225670852
1357	1357	0.9839424614697376	1.982787648993698
1358	1358	1.054225968518422	2.015246931723307
1359	1359	0.16475671767336642	0.5584073358507008
1360	1360	0.08192349170967828	-0.4186121776385131
1361	1361	-0.15570759539795878	-0.2574295241500983
1362	1362	-1.156824302220468	-2.173401876055234
1363	1363	-0.8226812675068366	-1.9037877475761065
1364	1364	-0.03259767043128381	-0.01736047796319
1365	1365	0.6842863913276334	1.5105110673375255
1366	1366	0.33835194402674923	1.0069705493834606
1367	1367	-0.10946925767228316	-0.5681879339334088
1368	1368	0.027132787031968017	-0.13530844720377622
1369	1369	-0.03765417662335671	-0.3480907551014913
1370	1370	-0.03879593903817431	0.0045071094391785915
1371	1371	-0.03479983651359664	-0.0014321607836385725
1372	1372	-0.6998214275415903	-1.6898759195702044
1373	1373	-0.9355956419386904	-2.3517605802154296
1374	1374	-1.2342006064158384	-2.312359983249873
1375	1375	-1.7783891900732356	-3.2540247149982124
1376	1376	-2.215885264350317	-4.520656642864884
1377	1377	-1.1801505396333987	-2.5999283720950173
1378	1378	-1.425597865230773	-3.2406337349131875
1379	1379	-1.2101198576688332	-2.4436233152801474
1380	1380	0.07786564128743945	0.42401720236347007
1381	1381	1.2480831606173384	2.231707001320322
1382	1382	0.9575095207039597	1.9892849530107157
1383	1383	1.7129682564211581	3.2490320400844523
1384	1384	1.4001908740984765	2.893960117161789
1385	1385	0.842610670332709	1.6765990561236754
1386	1386	0.6513310491033107	1.1220913487751072
1387	1387	1.2264551486025108	2.3728028556893017
1388	1388	0.8064565864164622	2.0782305036779167
1389	1389	0.39438539238806425	0.9313033365834703
1390	1390	0.9254213929021844	1.6362692025448677
1391	1391	2.2693460378786114	5.090025959718852
1392	1392	1.7179994615936187	3.361809774849638
1393	1393	0.8499581260098767	1.6970258045370554
1394	1394	1.402969627958886	2.1591908852463577
1395	1395	0.7127877464857456	1.5582951639502898
1396	1396	0.45825766459865447	0.357054469528552
1397	1397	-0.2809837152212035	-0.7404881501388846
1398	1398	-0.3158800593590613	-0.7229585960871581
1399	1399	-1.01266373581342	-2.0024104855737126
1400	1400	-0.03534261725298615	0.05777847951705109
1401	1401	-0.8856610617748336	-1.3247421332061566
1402	1402	0.33514584610698206	0.8156365737698459
1403	1403	-0.461258984129925	-1.2918297898359001
1404	1404	-0.12412468699434193	-0.9317041850608504
1405	1405	-0.660232071244536	-1.3191677011323815
1406	1406	-1.134708016136328	-2.0709712814820143
1407	1407	-0.15714778142573493	-0.31305312030698096
1408	1408	-0.4987593410375121	-0.9627703078983645
1409	1409	-1.017914091468591	-2.481269464112097
1410	1410	-1.4258803537877598	-2.949731907710124
1411	1411	-1.9614554332693563	-3.6988094849972466
1412	1412	-1.233039760367755	-2.7206331976358644
1413	1413	-1.3104871619639884	-2.3982681314830816
1414	1414	-1.3516009828038786	-2.5353433366364584
1415	1415	-1.0735026372054068	-2.0684345111409095
1416	1416	-0.9291492977832754	-1.6882212213924892
1417	1417	-1.9200749535519241	-3.6072364918836373
1418	1418	-0.8929295023092185	-1.4647572410982508
1419	1419	-0.8282869126638888	-1.466832577328962
1420	1420	-0.888612144795027	-2.025104137854
1421	1421	-1.5619726649139327	-2.991979795592666
1422	1422	-2.038920704455992	-4.849989088560015
1423	1423	-2.841755839823275	-6.397937341474199
1424	1424	-1.9272715032480783	-3.9429005528352814
1425	1425	-1.3982446415397267	-2.887784905253302
1426	1426	-0.2726457556813433	-0.4290680262754759
1427	1427	-0.36475491760288514	-0.3728251258198075
1428	1428	-1.6141828511116267	-3.619034246278238
1429	1429	-0.8405490479979575	-1.6849097594155158
1430	1430	-1.126628099066992	-2.2284336429208333
1431	1431	-1.5934911929964344	-3.285653691031626
1432	1432	-1.8759137778924904	-3.53569373100602
1433	1433	-2.1574645572313664	-4.270687874890672
1434	1434	-2.628038754393022	-5.2087377979677205
1435	1435	-2.1115845820183483	-4.103463518058022
1436	1436	-1.2502788835622511	-2.5674884589568236
1437	1437	-1.384907237338642	-2.708360446241374
1438	1438	-1.4850546159706974	-3.6198833118813116
1439	1439	-1.4529809215365062	-3.556343351895831
1440	1440	-0.04618917563069269	-0.46978749127623737
1441	1441	-0.2930774301103586	-0.31211094620671365
1442	1442	0.3074049507552765	0.43028230043015137
1443	1443	-0.7588319635050489	-1.0039314526554073
1444	1444	-0.7019058520193103	-1.7205355542936496
1445	1445	-0.5997428231937572	-0.7821355334041942
1446	1446	1.0638498770094569	2.2780858608072676
1447	1447	2.323976704101262	4.992276735083609
1448	1448	3.2382971782996983	6.229296580002195
1449	1449	2.1472496848138465	4.2361187656331305
1450	1450	1.1519942636737373	2.506436636436272
1451	1451	1.18103836890627	2.588026338851524
1452	1452	0.8664406976419192	2.186243136832512
1453	1453	0.32034476456900046	0.824493192410265
1454	1454	0.6159985238747082	0.6902385802751324
1455	1455	-0.45048892249710665	-0.7546372673911079
1456	1456	-0.0746735732467973	0.12195290538308268
1457	1457	-0.7251883525949279	-1.3872631819301646
1458	1458	-1.2813013841248269	-2.6667343212287924
1459	1459	-0.6376589222613258	-1.4158807669297653
1460	1460	0.40836269317419005	0.5927524155312299
1461	1461	-0.7950121571587585	-1.7383616674797375
1462	1462	-1.4450534527075793	-2.920518571122279
1463	1463	-1.1195998813811676	-2.0995839983036495
1464	1464	-0.991361203256518	-2.096575335671445
1465	1465	-0.8570133451689369	-1.907565556586417
1466	1466	-0.5393528196413032	-0.3636246312364525
1467	1467	-0.5692183316763667	-0.3896542607595521
1468	1468	-1.5292283189311813	-3.13224747086628
1469	1469	-0.058214373473213676	-0.03558048203085398
1470	1470	-0.08000357675721946	0.04167275720196881
1471	1471	0.5996432039360909	0.8480189049804542
1472	1472	0.05734735527230572	-0.09482828885364039
1473	1473	-0.5253993616724536	-0.5925015545955414
1474	1474	-0.5254814072190449	-1.244072989069287
1475	1475	-0.5442880166836818	-1.453134092782727
1476	1476	-0.708157498149139	-1.0266337911593753
1477	1477	-1.142979335553039	-2.192600572614387
1478	1478	-0.7713026078434788	-1.1956273193611815
1479	1479	-0.3827174124860626	-0.3122792489403163
1480	1480	-1.2050214964729917	-2.1636853011727246
1481	1481	-1.1710174281372367	-2.25593185663131
1482	1482	-1.254911656022349	-2.9051433583679134
1483	1483	-1.7702704979011972	-3.5781016244277466
1484	1484	-0.934807195179942	-2.216304224948476
1485	1485	-0.25820368093467394	-0.11545505237213838
1486	1486	-0.3174200303790988	-0.8010181103873044
1487	1487	-0.2876774841309765	-0.5602010036889363
1488	1488	0.42001728921709824	1.1956232266222095
1489	1489	0.7244327664836132	0.8732859952618813
1490	1490	0.6994124343716048	1.3263104628922688
1491	1491	-1.1900811440196373	-2.2447036656003694
1492	1492	-1.532904909454695	-2.6461323167508635
1493	1493	-1.1602987450440738	-2.3133856895450036
1494	1494	-0.5942631501979455	-1.5705830798168936
1495	1495	-0.14880549007285893	-0.6687961145742081
1496	1496	-0.021682666603411768	0.07669400846316347
1497	1497	-0.9497448767266867	-2.1804637533016473
1498	1498	-0.8285392340344022	-1.6012346601919705
1499	1499	-0.3145484174727657	-0.4623161909556794
1500	1500	-0.20855527931044393	-0.28467741164896
1501	1501	-0.17018897092265892	-0.22712532074778669
1502	1502	-0.28604752016658364	-0.772481495969967
1503	1503	-1.3054476370688843	-2.7041956908551636
1504	1504	-1.7339707989940267	-2.771570798662441
1505	1505	-0.70273330800906	-1.0062084100940334
1506	1506	-1.0421506003067436	-2.253093685123336
1507	1507	-1.688032108484237	-2.957235307769775
1508	1508	0.22435111106123595	0.12294970450333842
1509	1509	1.3097148327274584	2.6945606083161007
1510	1510	0.29529132610500075	0.28432506426509513
1511	1511	1.3983121285081537	2.784392351331046
1512	1512	2.097363432420311	4.489348711617152
1513	1513	1.833843221255014	3.7294151123571195
1514	1514	1.2939525020779545	2.5862744336289096
1515	1515	1.960596952475635	3.4296991371825505
1516	1516	1.3314709351275296	2.5666807758686776
1517	1517	1.9237052989066816	4.326300842913247
1518	1518	1.1381034740643134	2.2256374469237956
1519	1519	0.98625405706619	2.239132815713372
1520	1520	2.1713932572472934	4.926808594949547
1521	1521	2.4504791868473257	4.650085843720518
1522	1522	1.5560251555640616	2.604582936436379
1523	1523	1.426739858012873	2.4666763214713563
1524	1524	0.8215214397974949	1.6234614173431499
1525	1525	1.605205306872831	3.4922181330750233
1526	1526	1.5915327469535718	3.3638215774579785
1527	1527	2.124700893126335	4.6940642777432515
1528	1528	0.720901661284069	1.4619615106897352
1529	1529	1.5128857956808965	2.394824547968176
1530	1530	1.5952869609542362	3.924814397092932
1531	1531	0.08067290186601195	0.37134104392549766
1532	1532	-0.5687256542007613	-1.2419072971997809
1533	1533	-0.9347298743847837	-1.5724763809723619
1534	1534	-0.6355987860989114	-0.9240397175327489
1535	1535	-1.2647325708664625	-2.7286350409367066
1536	1536	-0.8659500038388455	-1.0099358390373563
1537	1537	-1.6005875309390487	-3.226360360633124
1538	1538	-1.2096744487695101	-2.4341700877348007
1539	1539	-1.7630315264573784	-3.658215176328725
1540	1540	-0.6961555271950244	-1.1445190385677602
1541	1541	0.3009133082006995	0.6770631500639679
1542	1542	0.17700877663811487	0.37032906540206256
1543	1543	-0.022762187793847144	-0.1971491617531306
1544	1544	1.495758577944478	2.742870197258457
1545	1545	0.835888231950641	1.8012882013205418
1546	1546	1.0730063971835861	2.8983428686299244
1547	1547	1.5301198192475152	3.292729066022415
1548	1548	1.4010163591066316	2.2921574092698425
1549	1549	2.0191277000690735	3.4461544457852615
1550	1550	1.7312250746759053	3.3908231880095028
1551	1551	0.6553651394089406	1.7320819245250405
1552	1552	0.1492787532819998	0.3096374545504546
1553	1553	-0.04801426047970786	-0.08835470941337753
1554	1554	-0.12381712416034367	-0.32853264964266315
1555	1555	0.8566425153090689	2.11727647141492
1556	1556	1.48000205422603	3.279339162286962
1557	1557	0.7412697867127	1.1490539294815667
1558	1558	0.93369723313306	1.6966546528572382
1559	1559	0.9259924140851656	1.7200890242018398
1560	1560	0.411361807935679	0.5871160178405959
1561	1561	1.3858626318352627	2.454893804143439
1562	1562	0.5253349638212875	0.8995437777795433
1563	1563	-0.578249461204221	-1.2249179841133326
1564	1564	0.7250861156255284	1.0666776320419555
1565	1565	0.1599913366317529	0.25897012802028385
1566	1566	-0.6417928330994932	-1.245465385316489
1567	1567	0.5630563193536848	1.206691678733158
1568	1568	1.3159152580926063	3.3208926095680256
1569	1569	-0.03536949129097233	-0.3901628154150978
1570	1570	0.5083957179458546	1.2619680070520636
1571	1571	-0.476423714720357	-1.0583217403557166
1572	1572	-1.1417541680020438	-1.976693389543694
1573	1573	-1.5252994433569147	-2.736459981912547
1574	1574	-1.9595983780894848	-3.895744676272984
1575	1575	-2.6216128115066617	-5.317161501191611
1576	1576	-1.6955959186254814	-3.8825190667282428
1577	1577	-0.8269998771226831	-1.5451824944522392
1578	1578	-0.8209435846321816	-1.557488822404569
1579	1579	1.311694355364727	3.0907500370307517
1580	1580	1.8099575267292105	3.7785705106531613
1581	1581	1.9709396593453639	3.5755531424439013
1582	1582	2.067826738777362	4.239112703598436
1583	1583	1.817289399388077	3.387837536454163
1584	1584	0.42767471607031404	0.8964398782861456
1585	1585	0.004675216466621723	0.6220261390277821
1586	1586	1.0898264273029192	2.1009678436821564
1587	1587	1.2877691550520491	2.4316952391780284
1588	1588	1.6414791053801783	3.4653553170201863
1589	1589	1.2043934098277342	3.027852167865274
1590	1590	0.13191921621650637	0.5114426741121303
1591	1591	0.5578891553676777	1.0595064867461534
1592	1592	0.5681222159273591	1.0639509081805967
1593	1593	-0.15485992776579416	-0.5396609391878376
1594	1594	0.39194547278205705	0.6186044236927323
1595	1595	1.1680477379098104	2.620241898317803
1596	1596	0.15598351829802548	0.26793139967751833
1597	1597	1.1502622926363912	1.9114992144471463
1598	1598	-0.14786091176641147	-0.5201068342834726
1599	1599	0.8273777793490898	2.1825427450769475
1600	1600	-0.10616116889453897	-0.3035828999956166
1601	1601	-0.1651291714951887	0.07227677541672967
1602	1602	-0.0012533499876959953	-0.3687722438381711
1603	1603	0.8689852599886331	1.3315202443185805
1604	1604	1.5738747415433503	3.6497703341909116
1605	1605	1.5005014390604863	3.392899610906588
1606	1606	1.640145130059746	2.744094788751487
1607	1607	0.7445652417967342	1.8277518429844806
1608	1608	-0.015083334213263466	-0.21066756471752154
1609	1609	-0.6262398747566438	-0.5464456729349829
1610	1610	0.40827971893950765	1.250743828025924
1611	1611	0.2351398339325697	1.1065426938852845
1612	1612	-0.05747548248911477	0.338716976559788
1613	1613	-0.7908434667310292	-1.6962610036008865
1614	1614	-1.225374561637575	-2.3570741070667007
1615	1615	-2.06922232021417	-4.13413295965714
1616	1616	-2.5871166333889706	-5.564485637764482
1617	1617	-2.391890221274869	-4.451544792332531
1618	1618	-2.118628262233194	-4.100268219949044
1619	1619	-2.148551919990564	-4.3856485355584605
1620	1620	-2.128428391051474	-4.713004516472599
1621	1621	-2.176631790068525	-4.298169625822842
1622	1622	-2.3427832844841934	-4.883722101873928
1623	1623	-1.891303972560071	-3.725113966706145
1624	1624	-1.4484178775780905	-2.7316438051275482
1625	1625	0.1740164664185675	0.9320680978436519
1626	1626	-0.25709150537606873	-0.3878043626674501
1627	1627	-0.8021006826158265	-1.6380082025436833
1628	1628	-0.8580065610197908	-1.6936980219252489
1629	1629	-0.9415360316834873	-2.28613362788558
1630	1630	-0.26775448219400594	-0.7217574535241795
1631	1631	0.741743077579714	1.725878566117326
1632	1632	0.36728015423975446	0.382852673261722
1633	1633	0.8150202999250502	1.6562223841890986
1634	1634	0.9464135586141271	1.0647565473965765
1635	1635	1.8822806704149562	4.002579902339187
1636	1636	1.0548592254673055	2.3712056823193843
1637	1637	0.4804867141240612	0.877828602228362
1638	1638	0.8455654512005801	1.6546630157195499
1639	1639	2.0085395271533533	4.209728435553272
1640	1640	1.7319258385894691	2.9700460459804656
1641	1641	0.9738109344105198	1.6513436170347657
1642	1642	0.32681468234964756	0.5799599084076712
1643	1643	-0.022066640307469076	-0.17560798779080755
1644	1644	-0.007951222178610436	0.22153642307910987
1645	1645	0.7136704666236555	1.0110709907527913
1646	1646	-0.22683855399341313	-0.1296075202185833
1647	1647	0.8027314501499674	1.7938088905162664
1648	1648	-1.2301659084028493	-2.595729056640302
1649	1649	-1.5302455665924877	-3.103070347393941
1650	1650	-1.2465978485445992	-2.6729221388786577
1651	1651	-1.6662837400121377	-3.1032032888519114
1652	1652	-1.783242180067718	-3.623142699009593
1653	1653	-2.1879138816473507	-4.476188921248762
1654	1654	-1.325000920850583	-2.4821518395973605
1655	1655	-2.12043209174621	-4.275772808532105
1656	1656	-1.2369333232674211	-2.463467814349235
1657	1657	-0.38406622985328354	-0.246641835528434
1658	1658	1.1230085939200907	2.16279815739179
1659	1659	1.7464540664225687	3.537054464295178
1660	1660	2.908257785909316	5.865928319546049
1661	1661	1.2328430169847346	1.7362703312431096
1662	1662	0.5179748917948417	1.0370872307323242
1663	1663	0.771883245257967	1.5414038434918067
1664	1664	0.1643627470451376	0.6180858476256945
1665	1665	1.4291854703556472	3.1437008516666824
1666	1666	2.2737580123904664	4.365636131635482
1667	1667	1.452746289837113	3.0640636092269546
1668	1668	1.4941321013482696	2.977163712549883
1669	1669	0.07582638328175917	0.7963699803754062
1670	1670	-0.390320498226285	-0.7980861539215822
1671	1671	0.07512405751435924	0.06237169883528769
1672	1672	1.0356150323859776	1.9724896585718892
1673	1673	-0.3530971909392645	-0.4741597827328235
1674	1674	-1.4982715173129089	-3.21576227369519
1675	1675	-2.087050599948836	-4.185034438946
1676	1676	-1.269712477451617	-2.758058929365144
1677	1677	-2.431000118365162	-4.625737110784529
1678	1678	-2.0051922609882995	-3.396549711079161
1679	1679	-0.12284369124617056	-0.03259967229523114
1680	1680	-0.06173359677150103	0.06612456056599225
1681	1681	-0.5469378242559325	-1.2878916433878647
1682	1682	-0.5909946311591896	-1.0819653406139658
1683	1683	-0.2425831259291981	-0.5800681748594407
1684	1684	0.45749143473726606	0.5235265973367742
1685	1685	0.05608972770383025	-0.2351132790476157
1686	1686	1.3131864621697933	2.775212945783446
1687	1687	1.2145811059525966	2.692304358618886
1688	1688	0.6065442667735526	1.075749324581303
1689	1689	1.0453645125135926	1.9795672307087206
1690	1690	1.1299099222798958	2.368671347324354
1691	1691	1.3071769636845105	2.2408025634494875
1692	1692	0.9466967522110129	1.7344819661975428
1693	1693	0.6712810942647209	1.307119361009442
1694	1694	0.7596655779150696	1.6712395833224858
1695	1695	-0.4452482196450911	-0.7185876375964715
1696	1696	-1.1310380453164814	-2.528331206140559
1697	1697	-1.8352400536007496	-3.7320975656802258
1698	1698	-2.6696300098613035	-5.00963693959267
1699	1699	-3.213911638013097	-6.3694349481290855
1700	1700	-4.438165785936995	-8.793639661636858
1701	1701	-3.1675421743237386	-6.038430014524736
1702	1702	-1.5299429190355998	-2.8608068629483028
1703	1703	-0.7598143415304563	-0.9851879076464196
1704	1704	0.3928353339127364	0.6680404413281941
1705	1705	-0.027185979277386307	0.17131149646307414
1706	1706	-0.3719574984995691	-1.4505665018010965
1707	1707	0.10489007861072874	-0.3066059540211853
1708	1708	0.19840589193616398	0.29665132457593313
1709	1709	1.7894515424005952	3.544184282220343
1710	1710	0.9834236585907186	2.072264204920726
1711	1711	1.1545809233721362	2.2251646184114255
1712	1712	1.4896489254796612	3.2576512249278924
1713	1713	1.5867676873791134	3.449182770682165
1714	1714	0.28550708092431076	0.2928211897455891
1715	1715	1.3485988388497212	2.2297194456147995
1716	1716	1.1726005025737718	2.342100132959342
1717	1717	0.6887825761231816	1.3275908409793802
1718	1718	1.003261757969162	1.9561672642955885
1719	1719	0.7650873641071769	1.868931187454219
1720	1720	0.23602467640984648	0.16638566292606938
1721	1721	1.0417347129219108	1.995197955567193
1722	1722	0.2112019538398171	-0.25851339054719513
1723	1723	0.8098088552506454	1.476828626398392
1724	1724	0.8018827239278996	2.2182650308648624
1725	1725	-0.11990031229020726	-0.127416518120318
1726	1726	-0.63764317545374	-1.6530229440510749
1727	1727	0.38645035832802077	0.9746611404944929
1728	1728	1.043036161139055	1.9987490937911823
1729	1729	0.5652868341671746	1.1652058009269068
1730	1730	1.0818131744024795	2.4533993147329967
1731	1731	2.07477094115177	4.530627641360807
1732	1732	2.164690470057267	4.694177762596873
1733	1733	2.4958893734254035	5.374846688952388
1734	1734	1.8972436511774233	3.931673527088673
1735	1735	0.11278031789028575	0.25171302519793753
1736	1736	-0.4240981257613887	-1.0551645129188514
1737	1737	0.11781649848500791	0.1698974002095736
1738	1738	1.0876645806012395	2.4959759360635223
1739	1739	-0.17041163495256006	-0.7625913267605936
1740	1740	-0.48692061313481905	-1.2077175888881768
1741	1741	-0.5635477971041947	-0.5739685957292405
1742	1742	0.11382940174741663	0.48400865493243084
1743	1743	-0.15954675647200786	-0.5366906209731684
1744	1744	-0.506156845545987	-0.5958722857430176
1745	1745	-0.3477041957813235	-0.6610993886641656
1746	1746	-0.36062728463213434	-1.4480893417905425
1747	1747	0.1817518263225003	0.1943824716450884
1748	1748	0.6446572748094171	1.6840285793319474
1749	1749	0.31022372024713263	0.1633862825450731
1750	1750	1.022030502085692	2.053253756966196
1751	1751	1.6507306129541877	3.157001302586518
1752	1752	1.001305762133564	2.1596827592777323
1753	1753	1.1815411731427983	2.247046105531477
1754	1754	1.8367051200569013	3.831669323921693
1755	1755	1.8894280854570777	3.217016365946333
1756	1756	1.6196693821031398	2.946663887687949
1757	1757	1.0209230564634741	2.2576989371800567
1758	1758	1.623893582111573	2.880626049301773
1759	1759	2.8332279298643877	5.55474259264674
1760	1760	1.9965363473544468	3.964083866769183
1761	1761	1.1871024482114163	2.4519075466713227
1762	1762	2.369237820144906	4.362611860236761
1763	1763	2.3832065081523313	4.880843371417064
1764	1764	1.003449295091957	2.451722628433681
1765	1765	0.5934575998501632	1.3241417581161907
1766	1766	0.23025938555709627	0.4168238419912806
1767	1767	0.5293474744119445	1.295167040836919
1768	1768	-0.050137781420197425	0.27870301590855284
1769	1769	0.2548618734226482	0.2398745785608452
1770	1770	-0.8130408561009237	-1.255872972653457
1771	1771	-1.9391652289304697	-3.6659381426862114
1772	1772	-0.801121086782354	-1.247820459424246
1773	1773	0.7150891222899282	1.2683820653082318
1774	1774	0.9727398586276454	1.5622800614087042
1775	1775	1.5748637636926857	3.3356377149622434
1776	1776	1.7759933783531159	3.4507726111029204
1777	1777	1.445825936333018	2.577974749300481
1778	1778	2.350933978763541	4.66258827408448
1779	1779	0.6206073824827099	1.0417948276347895
1780	1780	1.508161258475956	2.5864385083579484
1781	1781	1.0640496963098807	2.2452994753793414
1782	1782	0.49395863549651176	0.6824035188186314
1783	1783	0.7992644051483067	1.5963508726557245
1784	1784	0.7235234541658311	1.2348272774102647
1785	1785	0.34872677829540655	1.4234986035795194
1786	1786	1.1989812124240888	2.113229365024893
1787	1787	1.5794994546581975	2.8229728225709994
1788	1788	0.5210264757277556	1.5106361290715107
1789	1789	0.21346169987293143	0.05988637812373743
1790	1790	0.47014678546277044	0.5452617563377664
1791	1791	0.3100193293348929	0.7041358813994929
1792	1792	0.2783465374846213	-0.09746801843807396
1793	1793	1.3394120114112353	2.8267092836597865
1794	1794	2.433101754957012	4.760678709220213
1795	1795	1.77956136993542	3.975024149651937
1796	1796	0.5698094139899543	0.8914474216268682
1797	1797	-0.7100376008779423	-1.2691019127884613
1798	1798	-0.9073062745343463	-2.0489154564891727
1799	1799	0.15290797722402805	0.9136898925464528
1800	1800	0.38032812573369995	0.8273791982882455
1801	1801	0.594634451137355	1.3272726381985187
1802	1802	1.7234234718562567	2.805767894611757
1803	1803	1.7699083569375424	3.5836251725905797
1804	1804	1.7812200525514195	3.359844969334833
1805	1805	1.5840556805672863	3.1328967011242987
1806	1806	0.6825004524959012	1.1007028949245303
1807	1807	0.6591405878653374	1.629364780967522
1808	1808	-0.7033637065106789	-1.7752696472507659
1809	1809	0.3035680725430896	0.864323682704655
1810	1810	1.2387598112312306	2.4487060830439895
1811	1811	0.8567728221774288	1.7410175622598851
1812	1812	0.990840425539105	1.592369312850678
1813	1813	-1.3404747774248267	-2.2800532306317915
1814	1814	-0.5999428876265831	-1.4753756355884335
1815	1815	-0.7305713863392997	-0.9283459845354383
1816	1816	0.3027604808074785	0.6665719311099295
1817	1817	0.052015746588346345	0.40930109101621315
1818	1818	0.32463091850646253	1.025287707891707
1819	1819	-0.46147839397779694	-0.8831196865000203
1820	1820	-0.9754311012665922	-2.1790383974245584
1821	1821	-0.9746236429162006	-2.006486882783037
1822	1822	-1.1394485847559288	-2.5679696958903984
1823	1823	0.06096864128020807	0.46641063062284194
1824	1824	-0.9675021358731554	-2.1384671389110568
1825	1825	-0.23669873807566277	-0.7348827759471963
1826	1826	-0.600570170214157	-1.0828220498225354
1827	1827	0.16618922390170487	-0.3370676604561623
1828	1828	-0.3249135195154126	-0.39013424298176064
1829	1829	-1.0339954852653768	-2.1817251229432015
1830	1830	-1.0883614343665426	-3.019236559799995
1831	1831	-0.35656804851917323	-0.5089012038039332
1832	1832	0.24104529911159517	0.7632515053585569
1833	1833	-0.731997328345848	-1.3245655381678099
1834	1834	-0.6142101341404556	-0.8607998791340765
1835	1835	-0.5337947606321695	-1.6058055029392968
1836	1836	-0.5301385267150265	-0.9784732689164322
1837	1837	0.05058793189167782	0.44502112168342495
1838	1838	-0.4711127737433425	-1.7549955795195826
1839	1839	-0.7875147756344734	-1.7240562496442782
1840	1840	-0.3924958737197062	-0.66640292685943
1841	1841	-1.2732180275491265	-2.7380576113220356
1842	1842	-0.8346373932342833	-1.360935142147407
1843	1843	-2.0091381298318334	-3.993018438892938
1844	1844	-1.2259421388999918	-2.8895240523549566
1845	1845	-1.1377238628425876	-1.6885151693818399
1846	1846	-0.5790684474489072	-1.5796942985129667
1847	1847	-1.1068121800897592	-2.0358183305139
1848	1848	-0.06722783980622427	0.21768893364053077
1849	1849	0.2337441329262801	0.24842805899221856
1850	1850	-0.9845502942824671	-2.260805277855221
1851	1851	-0.7642582159389336	-1.3295876053286577
1852	1852	-1.5702823486561317	-3.8734466264242915
1853	1853	-1.4723267931938926	-2.783529015789039
1854	1854	-1.1265025234473476	-2.2095249002291033
1855	1855	-1.28354693685662	-2.3961792279606917
1856	1856	-0.10902225955384504	-0.3612631819713773
1857	1857	-0.7483964130286095	-1.6574279217989922
1858	1858	-0.20919553777574046	0.06024835464346856
1859	1859	0.22605888510497146	0.33745764392455957
1860	1860	0.7400260202037651	1.5208930027433858
1861	1861	0.7292862878825542	1.4148896878303685
1862	1862	0.05254466009448233	-0.4465116267166258
1863	1863	0.7814025265881638	1.4814612487302523
1864	1864	-0.1828387078721735	-0.19655044408037475
1865	1865	0.15582830602117945	0.3311436266724412
1866	1866	-0.3858857240059236	-0.8911933002320963
1867	1867	0.7092333834820561	1.5435196863227234
1868	1868	1.2363766570545565	1.799829966710999
1869	1869	1.5098548392941509	2.255708696808112
1870	1870	1.5625882614426936	3.3769584787142475
1871	1871	0.7216601988345436	1.5183041657495369
1872	1872	0.2195661018728693	0.5395399803886348
1873	1873	0.15325433046862633	0.3494330148932541
1874	1874	-0.3164498431046344	-0.5719746580571824
1875	1875	-0.8635552135362339	-1.6184907309412746
1876	1876	0.19899945082334725	0.2730081941571124
1877	1877	-0.1351113928714227	-0.6663897331413682
1878	1878	0.2265099936596699	0.46474866882821564
1879	1879	0.15585262630727262	0.3458218540272519
1880	1880	0.40907811887647827	1.2754646826985254
1881	1881	0.3548257605488679	0.8082370850709806
1882	1882	-0.8021416303229573	-1.713074302953391
1883	1883	-0.9127886585684992	-1.4362728483880527
1884	1884	-1.3722720236316213	-2.7957807391802665
1885	1885	-0.9953089316269619	-2.112188294288267
1886	1886	0.15720851400006475	0.7879455648002368
1887	1887	0.7703157486157305	1.8621401892416718
1888	1888	0.9938276988419412	1.8617500508432125
1889	1889	0.7247805612419652	1.9652729809820084
1890	1890	-0.025845826723374543	-0.5022760673412647
1891	1891	-0.4287750013626819	-0.8313469872335267
1892	1892	-0.1469999391074141	-0.28744510114993044
1893	1893	0.9451100958442745	1.6709726407976433
1894	1894	0.8340180024121997	1.2428222705502456
1895	1895	0.11164837969947805	0.09451089265860213
1896	1896	-0.352924533691953	-0.7073898778213863
1897	1897	-0.22250468622888459	-0.2654577518381319
1898	1898	1.2068251990977465	2.0339065787768926
1899	1899	-0.5370844272660555	-1.4046724962789483
1900	1900	0.2743684469547875	0.10788721263484302
1901	1901	0.031170638955359542	0.13017534436291833
1902	1902	-0.2984789047834592	-0.5216917078806654
1903	1903	0.18876441791897025	-0.1311924412414629
1904	1904	1.0894937776696891	2.0227543568614608
1905	1905	1.6196049650553486	3.424610219388239
1906	1906	2.4917090430016753	4.984983308821244
1907	1907	2.0297401380701237	3.579231807288752
1908	1908	1.1137710958733529	2.0594971969417135
1909	1909	1.4407280709925163	2.4561650089208262
1910	1910	0.774596848152483	2.466274267946992
1911	1911	1.2534794220714727	2.780529035934343
1912	1912	-0.2223232495154006	-0.5582960190476054
1913	1913	0.683501875684873	0.8618603323353109
1914	1914	-0.09597026652081564	-0.10370676815921642
1915	1915	-0.6853883375030523	-1.5443459154119101
1916	1916	0.0234409064677209	-0.27797341967968264
1917	1917	0.5934468109847543	0.9224050500200837
1918	1918	0.5869100296856122	1.7324388356501987
1919	1919	0.29735560312701514	0.6433887102729353
1920	1920	0.231505695445755	0.7412735900076957
1921	1921	0.715629768491719	0.8568563162094265
1922	1922	1.377346742899086	2.793094195988707
1923	1923	1.6798683604761209	3.6510928616305085
1924	1924	-0.09994890286250446	-0.017235462130051393
1925	1925	-0.1308772981482615	-0.23051504167896256
1926	1926	-0.6939365063534724	-1.4464841146151608
1927	1927	0.1677944694773048	0.4043342574511476
1928	1928	0.6197523067554176	1.230194450597233
1929	1929	0.5214394169083097	0.9023413730461148
1930	1930	0.575968616372049	1.0220320325387244
1931	1931	-0.4315568601679105	-0.5926788635805421
1932	1932	-0.6707162385226266	-0.9672748849890201
1933	1933	0.2609676755880974	0.32269930787056433
1934	1934	-0.26552094194454146	-1.1955809716997456
1935	1935	0.4804812451990921	1.1653364689151713
1936	1936	-0.22736800345337205	-0.7826996115469931
1937	1937	-0.8957649675158217	-1.7663739213884162
1938	1938	0.6380165484968298	0.9423442287271409
1939	1939	0.5638900755336346	0.8906306165411163
1940	1940	0.2900303913385635	0.8313021042164921
1941	1941	-0.06799078063178537	0.4207383155740978
1942	1942	1.783653789015273	3.3982449023481625
1943	1943	0.8181952226673427	1.12004806971082
1944	1944	0.8211083507887842	1.8663670530830765
1945	1945	-0.40890258853490247	-0.7804087829991391
1946	1946	0.6487010854279348	1.4650684730031884
1947	1947	0.7114764338225906	1.1759983364781839
1948	1948	-0.2944546929317704	-0.5839908485063304
1949	1949	0.8036472410954247	1.4455219192527724
1950	1950	1.2199861430560561	3.0950226213468937
1951	1951	1.5426365380384028	3.321480003726738
1952	1952	1.6174133140323976	3.5271781152386987
1953	1953	0.5324052200052498	1.2080286732947176
1954	1954	0.8299583675406963	1.4242906397007415
1955	1955	0.24949637347797676	0.3389912537618392
1956	1956	-0.3560437805607124	-0.7448975389675593
1957	1957	-0.2285411199708638	-0.4265158614818919
1958	1958	-0.6364396587940876	-1.2781398663907484
1959	1959	0.4557041731583381	0.9063880784049114
1960	1960	-0.6765641293213365	-1.3567060830401723
1961	1961	-0.06536840039671227	0.06421991398166804
1962	1962	-0.8281740175784338	-1.25563642891762
1963	1963	0.2138612766723721	0.6935656498698803
1964	1964	0.3065366982978296	0.7288103495728273
1965	1965	-0.26220282395027283	-0.03478957885742434
1966	1966	1.8689162837224682	3.8469961182886996
1967	1967	1.4374818112256036	3.233874543890375
1968	1968	-0.21618107234226014	-0.2753851308625086
1969	1969	0.17231292202548895	0.262493008235179
1970	1970	0.2614575718058023	0.6469325330222252
1971	1971	-0.28683970459400243	-0.9475696740993178
1972	1972	1.1141305245755642	2.4511584937493103
1973	1973	0.7551875106239263	1.544870576542509
1974	1974	0.23933337602829552	0.5456269501271125
1975	1975	0.2182713797664247	0.16916770067256248
1976	1976	-0.8047162094558409	-1.8890006318426764
1977	1977	-1.8459294421567485	-2.8598829215278565
1978	1978	-0.25433105227174857	-0.2906021259515997
1979	1979	-0.8243016504240043	-2.1470962724412224
1980	1980	-0.999270229550523	-1.639696990560481
1981	1981	-0.005964391635616018	0.1921621422611762
1982	1982	-0.472165157403848	-1.09744027771373
1983	1983	-0.416100742329951	-0.6053275680124667
1984	1984	-0.15350609439273344	-0.048388321383056654
1985	1985	-0.0026960443345247775	-0.1133989819674783
1986	1986	1.033812142654422	2.1328243187016165
1987	1987	0.001870807899832183	-0.543572437545731
1988	1988	0.17431483868509623	0.6592169294126458
1989	1989	1.3126675758674635	3.1839324053749616
1990	1990	0.8275739552038937	1.7779408877143827
1991	1991	0.7761273078925164	1.4240626707940853
1992	1992	0.3841980667594297	0.8385980947286104
1993	1993	-0.22502151540282755	-0.684432019553254
1994	1994	-0.700231240337073	-1.717000604800634
1995	1995	0.0836955115763538	0.13968788926277498
1996	1996	1.7830536387370204	3.6083333521893923
1997	1997	2.384033945965043	4.69680182128315
1998	1998	2.988900256611482	6.1210001556842695
1999	1999	1.6224370412495257	3.579116701578111
